#
# There is insufficient memory for the Java Runtime Environment to continue.
# Native memory allocation (mmap) failed to map 161480704 bytes. Error detail: G1 virtual space
# Possible reasons:
#   The system is out of physical RAM or swap space
#   This process is running with CompressedOops enabled, and the Java Heap may be blocking the growth of the native heap
# Possible solutions:
#   Reduce memory load on the system
#   Increase physical memory or swap space
#   Check if swap backing store is full
#   Decrease Java heap size (-Xmx/-Xms)
#   Decrease number of Java threads
#   Decrease Java thread stack sizes (-Xss)
#   Set larger code cache with -XX:ReservedCodeCacheSize=
#   JVM is running with Unscaled Compressed Oops mode in which the Java heap is
#     placed in the first 4GB address space. The Java Heap base address is the
#     maximum limit for the native heap growth. Please use -XX:HeapBaseMinAddress
#     to set the Java Heap base and to place the Java Heap above 4GB virtual address.
# This output file may be truncated or incomplete.
#
#  Out of Memory Error (os_windows.cpp:3631), pid=14492, tid=26668
#
# JRE version: Java(TM) SE Runtime Environment (22.0.2+9) (build 22.0.2+9-70)
# Java VM: Java HotSpot(TM) 64-Bit Server VM (22.0.2+9-70, mixed mode, sharing, tiered, compressed oops, compressed class ptrs, g1 gc, windows-amd64)
# No core dump will be written. Minidumps are not enabled by default on client versions of Windows
#

---------------  S U M M A R Y ------------

Command Line: --add-opens=java.base/java.lang=ALL-UNNAMED --add-opens=java.base/java.lang.invoke=ALL-UNNAMED --add-opens=java.base/java.util=ALL-UNNAMED --add-opens=java.prefs/java.util.prefs=ALL-UNNAMED --add-exports=jdk.compiler/com.sun.tools.javac.api=ALL-UNNAMED --add-exports=jdk.compiler/com.sun.tools.javac.util=ALL-UNNAMED --add-opens=java.base/java.util=ALL-UNNAMED --add-opens=java.prefs/java.util.prefs=ALL-UNNAMED --add-opens=java.base/java.nio.charset=ALL-UNNAMED --add-opens=java.base/java.net=ALL-UNNAMED --add-opens=java.base/java.util.concurrent=ALL-UNNAMED --add-opens=java.base/java.util.concurrent.atomic=ALL-UNNAMED --add-opens=java.xml/javax.xml.namespace=ALL-UNNAMED --add-opens=java.base/java.time=ALL-UNNAMED -XX:MaxMetaspaceSize=512m -XX:ReservedCodeCacheSize=256m -XX:+HeapDumpOnOutOfMemoryError -Xmx2G -Dfile.encoding=UTF-8 -Duser.country=IN -Duser.language=en -Duser.variant -javaagent:E:\gradle-cache\wrapper\dists\gradle-9.1.0-all\7wzd0jkjit61aq2p43wpjgij9\gradle-9.1.0\lib\agents\gradle-instrumentation-agent-9.1.0.jar org.gradle.launcher.daemon.bootstrap.GradleDaemon 9.1.0

Host: AMD Ryzen 5 5600H with Radeon Graphics         , 12 cores, 15G,  Windows 11 , 64 bit Build 26100 (10.0.26100.8737)
Time: Mon Jul  6 00:17:16 2026 India Standard Time elapsed time: 59.983852 seconds (0d 0h 0m 59s)

---------------  T H R E A D  ---------------

Current thread (0x0000021effafc510):  VMThread "VM Thread"          [id=26668, stack(0x000000aed7000000,0x000000aed7100000) (1024K)]

Stack: [0x000000aed7000000,0x000000aed7100000]
Native frames: (J=compiled Java code, j=interpreted, Vv=VM code, C=native code)
V  [jvm.dll+0x6e26e9]  (no source info available)
V  [jvm.dll+0x875753]  (no source info available)
V  [jvm.dll+0x877b7e]  (no source info available)
V  [jvm.dll+0x878253]  (no source info available)
V  [jvm.dll+0x27fc86]  (no source info available)
V  [jvm.dll+0x6ded85]  (no source info available)
V  [jvm.dll+0x6d388a]  (no source info available)
V  [jvm.dll+0x358b8a]  (no source info available)
V  [jvm.dll+0x3610b6]  (no source info available)
V  [jvm.dll+0x3b419e]  (no source info available)
V  [jvm.dll+0x3b4448]  (no source info available)
V  [jvm.dll+0x32c5ec]  (no source info available)
V  [jvm.dll+0x32c677]  (no source info available)
V  [jvm.dll+0x37244c]  (no source info available)
V  [jvm.dll+0x370b46]  (no source info available)
V  [jvm.dll+0x32bcd7]  (no source info available)
V  [jvm.dll+0x370304]  (no source info available)
V  [jvm.dll+0x87e0f0]  (no source info available)
V  [jvm.dll+0x87f477]  (no source info available)
V  [jvm.dll+0x87f9f0]  (no source info available)
V  [jvm.dll+0x87fc93]  (no source info available)
V  [jvm.dll+0x81dc0b]  (no source info available)
V  [jvm.dll+0x6e0d85]  (no source info available)
C  [ucrtbase.dll+0x2cd30]  (no source info available)
C  [KERNEL32.DLL+0x2e957]  (no source info available)
C  [ntdll.dll+0xaad6c]  (no source info available)

VM_Operation (0x000000aede1f9cb0): G1CollectForAllocation, mode: safepoint, requested by thread 0x0000021ea6ade000


---------------  P R O C E S S  ---------------

Threads class SMR info:
_java_thread_list=0x0000021ea73605b0, length=170, elements={
0x0000021ee3df46d0, 0x0000021effb1ef00, 0x0000021effb22690, 0x0000021effb26080,
0x0000021effb291b0, 0x0000021effb283a0, 0x0000021effb4ddf0, 0x0000021effb5d420,
0x0000021e9d08ebc0, 0x0000021effb4e480, 0x0000021effb4c3b0, 0x0000021effb4ca40,
0x0000021effb4bd20, 0x0000021effb4d0d0, 0x0000021ea25f3980, 0x0000021ea25f32f0,
0x0000021ea25f46a0, 0x0000021ea25f4d30, 0x0000021ea25f18b0, 0x0000021ea25f53c0,
0x0000021ea25f4010, 0x0000021ea25f1f40, 0x0000021ea25f5a50, 0x0000021ea25f60e0,
0x0000021ea25f6e00, 0x0000021ea25f7490, 0x0000021ea25f7b20, 0x0000021ea25f8840,
0x0000021ea3c14610, 0x0000021ea3c14ca0, 0x0000021ea3c16d70, 0x0000021ea3c16050,
0x0000021ea3c17400, 0x0000021ea3c1a880, 0x0000021ea3c194d0, 0x0000021ea3c19b60,
0x0000021ea3c18e40, 0x0000021ea3c1b5a0, 0x0000021ea3c1a1f0, 0x0000021ea3c18120,
0x0000021ea3c1af10, 0x0000021ea833b3b0, 0x0000021ea8337f30, 0x0000021ea83385c0,
0x0000021ea8338c50, 0x0000021ea83392e0, 0x0000021ea833ba40, 0x0000021ea8339970,
0x0000021ea833cdf0, 0x0000021ea833d480, 0x0000021ea833a000, 0x0000021ea833db10,
0x0000021ea833a690, 0x0000021ea833e1a0, 0x0000021ea833c760, 0x0000021ea833c0d0,
0x0000021ea833ad20, 0x0000021ea833e830, 0x0000021ea833eec0, 0x0000021ea833f550,
0x0000021ea6546920, 0x0000021ea6547cd0, 0x0000021ea6545570, 0x0000021ea6548360,
0x0000021ea6544ee0, 0x0000021ea6546290, 0x0000021ea6549080, 0x0000021ea654aac0,
0x0000021e9d641ca0, 0x0000021e9d6429c0, 0x0000021e9d643d70, 0x0000021e9d641610,
0x0000021e9d6436e0, 0x0000021e9d644400, 0x0000021e9d640f80, 0x0000021e9d645120,
0x0000021e9d647f10, 0x0000021e9d647880, 0x0000021e9d6457b0, 0x0000021e9d645e40,
0x0000021e9d6464d0, 0x0000021e9d6471f0, 0x0000021e9d644a90, 0x0000021e9d6485a0,
0x0000021e9d646b60, 0x0000021ea654b7e0, 0x0000021ea654b150, 0x0000021ea6ad9140,
0x0000021ea6ad8420, 0x0000021ea6ad8ab0, 0x0000021ea6ad97d0, 0x0000021ea6ad9e60,
0x0000021ea6ada4f0, 0x0000021ea6ad7070, 0x0000021ea6adab80, 0x0000021ea6ad7700,
0x0000021ea6adb210, 0x0000021ea6ad7d90, 0x0000021ea6adbf30, 0x0000021ea6ade690,
0x0000021ea6ade000, 0x0000021ea6adc5c0, 0x0000021ea6add2e0, 0x0000021ea6adcc50,
0x0000021ea6add970, 0x0000021ea6adb8a0, 0x0000021ea57606f0, 0x0000021ea5760d80,
0x0000021ea575f9d0, 0x0000021ea575df90, 0x0000021ea5761410, 0x0000021ea5761aa0,
0x0000021ea575e620, 0x0000021ea5762130, 0x0000021ea74a1d30, 0x0000021ea74a5840,
0x0000021ea74a2a50, 0x0000021ea74a6560, 0x0000021ea74a6bf0, 0x0000021ea74a4b20,
0x0000021ea74a7280, 0x0000021ea74a7910, 0x0000021ea74a8cc0, 0x0000021ea74a7fa0,
0x0000021ea74a8630, 0x0000021ea575ecb0, 0x0000021ea57627c0, 0x0000021ea575f340,
0x0000021ea5762e50, 0x0000021ea5764f20, 0x0000021ea5764200, 0x0000021ea5764890,
0x0000021effb4f1a0, 0x0000021ea9169df0, 0x0000021ea916b1a0, 0x0000021ea916a480,
0x0000021ea916ab10, 0x0000021ea9167d20, 0x0000021ea91690d0, 0x0000021ea91683b0,
0x0000021ea9168a40, 0x0000021ea9169760, 0x0000021ea916d900, 0x0000021ea916ecb0,
0x0000021ea916df90, 0x0000021ea916f340, 0x0000021ea916c550, 0x0000021ea916d270,
0x0000021ea916cbe0, 0x0000021ea916e620, 0x0000021ea8fdf910, 0x0000021ea8fe3420,
0x0000021ea8fe2d90, 0x0000021ea8fe19e0, 0x0000021ea8fe0cc0, 0x0000021ea8fe2070,
0x0000021ea8fdffa0, 0x0000021ea8fe3ab0, 0x0000021ea8fe2700, 0x0000021ea8fe0630,
0x0000021ea8fe4140, 0x0000021ea8fe68a0, 0x0000021ea8fe75c0, 0x0000021ea8fe6210,
0x0000021ea8fe6f30, 0x0000021ea8fe7c50, 0x0000021ea8fe5b80, 0x0000021ea8fe82e0,
0x0000021ea64c44b0, 0x0000021ea64c66c0
}

Java Threads: ( => current thread )
  0x0000021ee3df46d0 JavaThread "main"                              [_thread_blocked, id=28084, stack(0x000000aed6900000,0x000000aed6a00000) (1024K)]
  0x0000021effb1ef00 JavaThread "Reference Handler"          daemon [_thread_blocked, id=24976, stack(0x000000aed7100000,0x000000aed7200000) (1024K)]
  0x0000021effb22690 JavaThread "Finalizer"                  daemon [_thread_blocked, id=28372, stack(0x000000aed7200000,0x000000aed7300000) (1024K)]
  0x0000021effb26080 JavaThread "Signal Dispatcher"          daemon [_thread_blocked, id=28212, stack(0x000000aed7300000,0x000000aed7400000) (1024K)]
  0x0000021effb291b0 JavaThread "Attach Listener"            daemon [_thread_blocked, id=11572, stack(0x000000aed7400000,0x000000aed7500000) (1024K)]
  0x0000021effb283a0 JavaThread "Service Thread"             daemon [_thread_blocked, id=23976, stack(0x000000aed7500000,0x000000aed7600000) (1024K)]
  0x0000021effb4ddf0 JavaThread "Monitor Deflation Thread"   daemon [_thread_blocked, id=18756, stack(0x000000aed7600000,0x000000aed7700000) (1024K)]
  0x0000021effb5d420 JavaThread "C2 CompilerThread0"         daemon [_thread_in_native, id=9752, stack(0x000000aed7700000,0x000000aed7800000) (1024K)]
  0x0000021e9d08ebc0 JavaThread "C1 CompilerThread0"         daemon [_thread_blocked, id=18964, stack(0x000000aed7800000,0x000000aed7900000) (1024K)]
  0x0000021effb4e480 JavaThread "Common-Cleaner"             daemon [_thread_blocked, id=27760, stack(0x000000aed7900000,0x000000aed7a00000) (1024K)]
  0x0000021effb4c3b0 JavaThread "Notification Thread"        daemon [_thread_blocked, id=27264, stack(0x000000aed7b00000,0x000000aed7c00000) (1024K)]
  0x0000021effb4ca40 JavaThread "Daemon health stats"               [_thread_blocked, id=28620, stack(0x000000aed8500000,0x000000aed8600000) (1024K)]
  0x0000021effb4bd20 JavaThread "Incoming local TCP Connector on port 1482"        [_thread_in_native, id=27124, stack(0x000000aed8600000,0x000000aed8700000) (1024K)]
  0x0000021effb4d0d0 JavaThread "Daemon periodic checks"            [_thread_blocked, id=28324, stack(0x000000aed8700000,0x000000aed8800000) (1024K)]
  0x0000021ea25f3980 JavaThread "Daemon"                            [_thread_blocked, id=21572, stack(0x000000aed8800000,0x000000aed8900000) (1024K)]
  0x0000021ea25f32f0 JavaThread "Handler for socket connection from /127.0.0.1:1482 to /127.0.0.1:1483"        [_thread_in_native, id=20940, stack(0x000000aed8900000,0x000000aed8a00000) (1024K)]
  0x0000021ea25f46a0 JavaThread "Cancel handler"                    [_thread_blocked, id=23712, stack(0x000000aed8a00000,0x000000aed8b00000) (1024K)]
  0x0000021ea25f4d30 JavaThread "Daemon worker"                     [_thread_blocked, id=4184, stack(0x000000aed8b00000,0x000000aed8c00000) (1024K)]
  0x0000021ea25f18b0 JavaThread "Asynchronous log dispatcher for DefaultDaemonConnection: socket connection from /127.0.0.1:1482 to /127.0.0.1:1483"        [_thread_blocked, id=23348, stack(0x000000aed8c00000,0x000000aed8d00000) (1024K)]
  0x0000021ea25f53c0 JavaThread "Stdin handler"                     [_thread_blocked, id=25112, stack(0x000000aed8d00000,0x000000aed8e00000) (1024K)]
  0x0000021ea25f4010 JavaThread "Daemon client event forwarder"        [_thread_blocked, id=17992, stack(0x000000aed8e00000,0x000000aed8f00000) (1024K)]
  0x0000021ea25f1f40 JavaThread "Cache worker for journal cache (E:\gradle-cache\caches\journal-1)"        [_thread_blocked, id=18452, stack(0x000000aed8f00000,0x000000aed9000000) (1024K)]
  0x0000021ea25f5a50 JavaThread "File lock request listener"        [_thread_in_native, id=26000, stack(0x000000aed9000000,0x000000aed9100000) (1024K)]
  0x0000021ea25f60e0 JavaThread "Cache worker for file hash cache (E:\gradle-cache\caches\9.1.0\fileHashes)"        [_thread_blocked, id=4720, stack(0x000000aed9100000,0x000000aed9200000) (1024K)]
  0x0000021ea25f6e00 JavaThread "Cache worker for file hash cache (C:\project\irctc\bharat-railway-frontend\android\.gradle\9.1.0\fileHashes)"        [_thread_blocked, id=26652, stack(0x000000aed9500000,0x000000aed9600000) (1024K)]
  0x0000021ea25f7490 JavaThread "Cache worker for Build Output Cleanup Cache (C:\project\irctc\bharat-railway-frontend\android\.gradle\buildOutputCleanup)"        [_thread_blocked, id=8560, stack(0x000000aed9600000,0x000000aed9700000) (1024K)]
  0x0000021ea25f7b20 JavaThread "File watcher server"        daemon [_thread_in_native, id=6856, stack(0x000000aed9700000,0x000000aed9800000) (1024K)]
  0x0000021ea25f8840 JavaThread "File watcher consumer"      daemon [_thread_blocked, id=17456, stack(0x000000aed9800000,0x000000aed9900000) (1024K)]
  0x0000021ea3c14610 JavaThread "Cache worker for checksums cache (C:\project\irctc\bharat-railway-frontend\android\.gradle\9.1.0\checksums)"        [_thread_blocked, id=6568, stack(0x000000aed9900000,0x000000aed9a00000) (1024K)]
  0x0000021ea3c14ca0 JavaThread "Cache worker for file content cache (E:\gradle-cache\caches\9.1.0\fileContent)"        [_thread_blocked, id=25980, stack(0x000000aed9a00000,0x000000aed9b00000) (1024K)]
  0x0000021ea3c16d70 JavaThread "Cache worker for cache directory md-supplier (E:\gradle-cache\caches\9.1.0\md-supplier)"        [_thread_blocked, id=17996, stack(0x000000aed9b00000,0x000000aed9c00000) (1024K)]
  0x0000021ea3c16050 JavaThread "Cache worker for cache directory md-rule (E:\gradle-cache\caches\9.1.0\md-rule)"        [_thread_blocked, id=26496, stack(0x000000aed9c00000,0x000000aed9d00000) (1024K)]
  0x0000021ea3c17400 JavaThread "Cache worker for Build Output Cleanup Cache (D:\Flutter\flutter\packages\flutter_tools\gradle\.gradle\buildOutputCleanup)"        [_thread_blocked, id=9344, stack(0x000000aed9d00000,0x000000aed9e00000) (1024K)]
  0x0000021ea3c1a880 JavaThread "Unconstrained build operations"        [_thread_blocked, id=14532, stack(0x000000aed9e00000,0x000000aed9f00000) (1024K)]
  0x0000021ea3c194d0 JavaThread "Unconstrained build operations Thread 2"        [_thread_blocked, id=27872, stack(0x000000aed9f00000,0x000000aeda000000) (1024K)]
  0x0000021ea3c19b60 JavaThread "Unconstrained build operations Thread 3"        [_thread_blocked, id=18064, stack(0x000000aeda000000,0x000000aeda100000) (1024K)]
  0x0000021ea3c18e40 JavaThread "Unconstrained build operations Thread 4"        [_thread_blocked, id=27360, stack(0x000000aeda100000,0x000000aeda200000) (1024K)]
  0x0000021ea3c1b5a0 JavaThread "Unconstrained build operations Thread 5"        [_thread_blocked, id=7648, stack(0x000000aeda200000,0x000000aeda300000) (1024K)]
  0x0000021ea3c1a1f0 JavaThread "Unconstrained build operations Thread 6"        [_thread_blocked, id=1972, stack(0x000000aeda300000,0x000000aeda400000) (1024K)]
  0x0000021ea3c18120 JavaThread "Unconstrained build operations Thread 7"        [_thread_blocked, id=28636, stack(0x000000aeda400000,0x000000aeda500000) (1024K)]
  0x0000021ea3c1af10 JavaThread "Unconstrained build operations Thread 8"        [_thread_blocked, id=16604, stack(0x000000aeda500000,0x000000aeda600000) (1024K)]
  0x0000021ea833b3b0 JavaThread "Unconstrained build operations Thread 9"        [_thread_blocked, id=6000, stack(0x000000aeda600000,0x000000aeda700000) (1024K)]
  0x0000021ea8337f30 JavaThread "Unconstrained build operations Thread 10"        [_thread_blocked, id=27820, stack(0x000000aeda700000,0x000000aeda800000) (1024K)]
  0x0000021ea83385c0 JavaThread "Unconstrained build operations Thread 11"        [_thread_blocked, id=20012, stack(0x000000aeda800000,0x000000aeda900000) (1024K)]
  0x0000021ea8338c50 JavaThread "Unconstrained build operations Thread 12"        [_thread_blocked, id=26512, stack(0x000000aeda900000,0x000000aedaa00000) (1024K)]
  0x0000021ea83392e0 JavaThread "Unconstrained build operations Thread 13"        [_thread_blocked, id=25348, stack(0x000000aedaa00000,0x000000aedab00000) (1024K)]
  0x0000021ea833ba40 JavaThread "Unconstrained build operations Thread 14"        [_thread_blocked, id=6240, stack(0x000000aedab00000,0x000000aedac00000) (1024K)]
  0x0000021ea8339970 JavaThread "Unconstrained build operations Thread 15"        [_thread_blocked, id=5092, stack(0x000000aedac00000,0x000000aedad00000) (1024K)]
  0x0000021ea833cdf0 JavaThread "Unconstrained build operations Thread 16"        [_thread_blocked, id=4264, stack(0x000000aedad00000,0x000000aedae00000) (1024K)]
  0x0000021ea833d480 JavaThread "Unconstrained build operations Thread 17"        [_thread_blocked, id=26788, stack(0x000000aedae00000,0x000000aedaf00000) (1024K)]
  0x0000021ea833a000 JavaThread "Unconstrained build operations Thread 18"        [_thread_blocked, id=27276, stack(0x000000aedaf00000,0x000000aedb000000) (1024K)]
  0x0000021ea833db10 JavaThread "Unconstrained build operations Thread 19"        [_thread_blocked, id=19172, stack(0x000000aedb000000,0x000000aedb100000) (1024K)]
  0x0000021ea833a690 JavaThread "Unconstrained build operations Thread 20"        [_thread_blocked, id=18956, stack(0x000000aedb100000,0x000000aedb200000) (1024K)]
  0x0000021ea833e1a0 JavaThread "Unconstrained build operations Thread 21"        [_thread_blocked, id=2672, stack(0x000000aedb200000,0x000000aedb300000) (1024K)]
  0x0000021ea833c760 JavaThread "Unconstrained build operations Thread 22"        [_thread_blocked, id=27916, stack(0x000000aedb300000,0x000000aedb400000) (1024K)]
  0x0000021ea833c0d0 JavaThread "Unconstrained build operations Thread 23"        [_thread_blocked, id=28652, stack(0x000000aedb400000,0x000000aedb500000) (1024K)]
  0x0000021ea833ad20 JavaThread "Unconstrained build operations Thread 24"        [_thread_blocked, id=14712, stack(0x000000aedb500000,0x000000aedb600000) (1024K)]
  0x0000021ea833e830 JavaThread "Unconstrained build operations Thread 25"        [_thread_blocked, id=18040, stack(0x000000aedb600000,0x000000aedb700000) (1024K)]
  0x0000021ea833eec0 JavaThread "Unconstrained build operations Thread 26"        [_thread_blocked, id=12048, stack(0x000000aedb700000,0x000000aedb800000) (1024K)]
  0x0000021ea833f550 JavaThread "Unconstrained build operations Thread 27"        [_thread_blocked, id=3708, stack(0x000000aedb800000,0x000000aedb900000) (1024K)]
  0x0000021ea6546920 JavaThread "Unconstrained build operations Thread 28"        [_thread_blocked, id=14440, stack(0x000000aedb900000,0x000000aedba00000) (1024K)]
  0x0000021ea6547cd0 JavaThread "Unconstrained build operations Thread 29"        [_thread_blocked, id=26924, stack(0x000000aedba00000,0x000000aedbb00000) (1024K)]
  0x0000021ea6545570 JavaThread "Unconstrained build operations Thread 30"        [_thread_blocked, id=27468, stack(0x000000aedbb00000,0x000000aedbc00000) (1024K)]
  0x0000021ea6548360 JavaThread "Unconstrained build operations Thread 31"        [_thread_blocked, id=6032, stack(0x000000aedbc00000,0x000000aedbd00000) (1024K)]
  0x0000021ea6544ee0 JavaThread "Unconstrained build operations Thread 32"        [_thread_blocked, id=11000, stack(0x000000aedbd00000,0x000000aedbe00000) (1024K)]
  0x0000021ea6546290 JavaThread "Unconstrained build operations Thread 33"        [_thread_blocked, id=26724, stack(0x000000aedbe00000,0x000000aedbf00000) (1024K)]
  0x0000021ea6549080 JavaThread "Memory manager"                    [_thread_blocked, id=2856, stack(0x000000aedbf00000,0x000000aedc000000) (1024K)]
  0x0000021ea654aac0 JavaThread "build event listener"              [_thread_blocked, id=6432, stack(0x000000aed7c00000,0x000000aed7d00000) (1024K)]
  0x0000021e9d641ca0 JavaThread "included builds"                   [_thread_blocked, id=21956, stack(0x000000aedc100000,0x000000aedc200000) (1024K)]
  0x0000021e9d6429c0 JavaThread "Execution worker"                  [_thread_blocked, id=28616, stack(0x000000aedc200000,0x000000aedc300000) (1024K)]
  0x0000021e9d643d70 JavaThread "Execution worker Thread 2"         [_thread_blocked, id=28040, stack(0x000000aedc300000,0x000000aedc400000) (1024K)]
  0x0000021e9d641610 JavaThread "Execution worker Thread 3"         [_thread_blocked, id=25520, stack(0x000000aedc400000,0x000000aedc500000) (1024K)]
  0x0000021e9d6436e0 JavaThread "Execution worker Thread 4"         [_thread_blocked, id=3520, stack(0x000000aedc500000,0x000000aedc600000) (1024K)]
  0x0000021e9d644400 JavaThread "Execution worker Thread 5"         [_thread_blocked, id=2356, stack(0x000000aedc600000,0x000000aedc700000) (1024K)]
  0x0000021e9d640f80 JavaThread "Execution worker Thread 6"         [_thread_blocked, id=27396, stack(0x000000aedc700000,0x000000aedc800000) (1024K)]
  0x0000021e9d645120 JavaThread "Execution worker Thread 7"         [_thread_blocked, id=20584, stack(0x000000aedc800000,0x000000aedc900000) (1024K)]
  0x0000021e9d647f10 JavaThread "Execution worker Thread 8"         [_thread_blocked, id=7060, stack(0x000000aedc900000,0x000000aedca00000) (1024K)]
  0x0000021e9d647880 JavaThread "Execution worker Thread 9"         [_thread_blocked, id=1504, stack(0x000000aedca00000,0x000000aedcb00000) (1024K)]
  0x0000021e9d6457b0 JavaThread "Execution worker Thread 10"        [_thread_blocked, id=23132, stack(0x000000aedcb00000,0x000000aedcc00000) (1024K)]
  0x0000021e9d645e40 JavaThread "Execution worker Thread 11"        [_thread_blocked, id=15968, stack(0x000000aedcc00000,0x000000aedcd00000) (1024K)]
  0x0000021e9d6464d0 JavaThread "Cache worker for execution history cache (D:\Flutter\flutter\packages\flutter_tools\gradle\.gradle\9.1.0\executionHistory)"        [_thread_blocked, id=2196, stack(0x000000aedcd00000,0x000000aedce00000) (1024K)]
  0x0000021e9d6471f0 JavaThread "Unconstrained build operations Thread 34"        [_thread_blocked, id=15680, stack(0x000000aedce00000,0x000000aedcf00000) (1024K)]
  0x0000021e9d644a90 JavaThread "Unconstrained build operations Thread 35"        [_thread_blocked, id=18412, stack(0x000000aedcf00000,0x000000aedd000000) (1024K)]
  0x0000021e9d6485a0 JavaThread "Unconstrained build operations Thread 36"        [_thread_blocked, id=11344, stack(0x000000aedd000000,0x000000aedd100000) (1024K)]
  0x0000021e9d646b60 JavaThread "Unconstrained build operations Thread 37"        [_thread_blocked, id=28024, stack(0x000000aedd100000,0x000000aedd200000) (1024K)]
  0x0000021ea654b7e0 JavaThread "Unconstrained build operations Thread 38"        [_thread_blocked, id=26412, stack(0x000000aedd200000,0x000000aedd300000) (1024K)]
  0x0000021ea654b150 JavaThread "Unconstrained build operations Thread 39"        [_thread_blocked, id=27936, stack(0x000000aedd300000,0x000000aedd400000) (1024K)]
  0x0000021ea6ad9140 JavaThread "Unconstrained build operations Thread 40"        [_thread_blocked, id=27080, stack(0x000000aedd400000,0x000000aedd500000) (1024K)]
  0x0000021ea6ad8420 JavaThread "Unconstrained build operations Thread 41"        [_thread_blocked, id=20076, stack(0x000000aedd500000,0x000000aedd600000) (1024K)]
  0x0000021ea6ad8ab0 JavaThread "Unconstrained build operations Thread 42"        [_thread_blocked, id=27404, stack(0x000000aedd600000,0x000000aedd700000) (1024K)]
  0x0000021ea6ad97d0 JavaThread "Unconstrained build operations Thread 43"        [_thread_blocked, id=27848, stack(0x000000aedd700000,0x000000aedd800000) (1024K)]
  0x0000021ea6ad9e60 JavaThread "Unconstrained build operations Thread 44"        [_thread_blocked, id=11444, stack(0x000000aedd800000,0x000000aedd900000) (1024K)]
  0x0000021ea6ada4f0 JavaThread "Unconstrained build operations Thread 45"        [_thread_blocked, id=26328, stack(0x000000aedd900000,0x000000aedda00000) (1024K)]
  0x0000021ea6ad7070 JavaThread "Unconstrained build operations Thread 46"        [_thread_blocked, id=19836, stack(0x000000aedda00000,0x000000aeddb00000) (1024K)]
  0x0000021ea6adab80 JavaThread "Unconstrained build operations Thread 47"        [_thread_blocked, id=20496, stack(0x000000aeddb00000,0x000000aeddc00000) (1024K)]
  0x0000021ea6ad7700 JavaThread "Unconstrained build operations Thread 48"        [_thread_blocked, id=28564, stack(0x000000aeddc00000,0x000000aeddd00000) (1024K)]
  0x0000021ea6adb210 JavaThread "Unconstrained build operations Thread 49"        [_thread_blocked, id=28100, stack(0x000000aeddd00000,0x000000aedde00000) (1024K)]
  0x0000021ea6ad7d90 JavaThread "Unconstrained build operations Thread 50"        [_thread_blocked, id=26732, stack(0x000000aedde00000,0x000000aeddf00000) (1024K)]
  0x0000021ea6adbf30 JavaThread "Unconstrained build operations Thread 51"        [_thread_blocked, id=3068, stack(0x000000aeddf00000,0x000000aede000000) (1024K)]
  0x0000021ea6ade690 JavaThread "Unconstrained build operations Thread 52"        [_thread_blocked, id=20272, stack(0x000000aede000000,0x000000aede100000) (1024K)]
  0x0000021ea6ade000 JavaThread "Unconstrained build operations Thread 53"        [_thread_blocked, id=13236, stack(0x000000aede100000,0x000000aede200000) (1024K)]
  0x0000021ea6adc5c0 JavaThread "Unconstrained build operations Thread 54"        [_thread_blocked, id=26540, stack(0x000000aede200000,0x000000aede300000) (1024K)]
  0x0000021ea6add2e0 JavaThread "Unconstrained build operations Thread 55"        [_thread_blocked, id=22788, stack(0x000000aede300000,0x000000aede400000) (1024K)]
  0x0000021ea6adcc50 JavaThread "Unconstrained build operations Thread 56"        [_thread_blocked, id=23268, stack(0x000000aede400000,0x000000aede500000) (1024K)]
  0x0000021ea6add970 JavaThread "Unconstrained build operations Thread 57"        [_thread_blocked, id=25392, stack(0x000000aede500000,0x000000aede600000) (1024K)]
  0x0000021ea6adb8a0 JavaThread "Unconstrained build operations Thread 58"        [_thread_blocked, id=14056, stack(0x000000aede600000,0x000000aede700000) (1024K)]
  0x0000021ea57606f0 JavaThread "Unconstrained build operations Thread 59"        [_thread_blocked, id=21524, stack(0x000000aede700000,0x000000aede800000) (1024K)]
  0x0000021ea5760d80 JavaThread "Unconstrained build operations Thread 60"        [_thread_blocked, id=17536, stack(0x000000aede800000,0x000000aede900000) (1024K)]
  0x0000021ea575f9d0 JavaThread "Unconstrained build operations Thread 61"        [_thread_blocked, id=20216, stack(0x000000aede900000,0x000000aedea00000) (1024K)]
  0x0000021ea575df90 JavaThread "Unconstrained build operations Thread 62"        [_thread_blocked, id=10364, stack(0x000000aedea00000,0x000000aedeb00000) (1024K)]
  0x0000021ea5761410 JavaThread "Unconstrained build operations Thread 63"        [_thread_blocked, id=352, stack(0x000000aedeb00000,0x000000aedec00000) (1024K)]
  0x0000021ea5761aa0 JavaThread "Unconstrained build operations Thread 64"        [_thread_blocked, id=12100, stack(0x000000aedec00000,0x000000aeded00000) (1024K)]
  0x0000021ea575e620 JavaThread "Unconstrained build operations Thread 65"        [_thread_blocked, id=13808, stack(0x000000aeded00000,0x000000aedee00000) (1024K)]
  0x0000021ea5762130 JavaThread "Unconstrained build operations Thread 66"        [_thread_blocked, id=25856, stack(0x000000aedee00000,0x000000aedef00000) (1024K)]
  0x0000021ea74a1d30 JavaThread "Unconstrained build operations Thread 67"        [_thread_blocked, id=18196, stack(0x000000aedc000000,0x000000aedc100000) (1024K)]
  0x0000021ea74a5840 JavaThread "Unconstrained build operations Thread 68"        [_thread_blocked, id=22308, stack(0x000000aedef00000,0x000000aedf000000) (1024K)]
  0x0000021ea74a2a50 JavaThread "Unconstrained build operations Thread 69"        [_thread_blocked, id=9920, stack(0x000000aedf200000,0x000000aedf300000) (1024K)]
  0x0000021ea74a6560 JavaThread "Unconstrained build operations Thread 70"        [_thread_blocked, id=18716, stack(0x000000aedf300000,0x000000aedf400000) (1024K)]
  0x0000021ea74a6bf0 JavaThread "Unconstrained build operations Thread 71"        [_thread_blocked, id=26688, stack(0x000000aedf000000,0x000000aedf100000) (1024K)]
  0x0000021ea74a4b20 JavaThread "Unconstrained build operations Thread 72"        [_thread_blocked, id=17796, stack(0x000000aedf400000,0x000000aedf500000) (1024K)]
  0x0000021ea74a7280 JavaThread "Unconstrained build operations Thread 73"        [_thread_blocked, id=23384, stack(0x000000aedf500000,0x000000aedf600000) (1024K)]
  0x0000021ea74a7910 JavaThread "Unconstrained build operations Thread 74"        [_thread_blocked, id=18468, stack(0x000000aedf600000,0x000000aedf700000) (1024K)]
  0x0000021ea74a8cc0 JavaThread "Unconstrained build operations Thread 75"        [_thread_blocked, id=2136, stack(0x000000aedf700000,0x000000aedf800000) (1024K)]
  0x0000021ea74a7fa0 JavaThread "Unconstrained build operations Thread 76"        [_thread_blocked, id=27812, stack(0x000000aedf800000,0x000000aedf900000) (1024K)]
  0x0000021ea74a8630 JavaThread "Unconstrained build operations Thread 77"        [_thread_blocked, id=13908, stack(0x000000aedf900000,0x000000aedfa00000) (1024K)]
  0x0000021ea575ecb0 JavaThread "Unconstrained build operations Thread 78"        [_thread_blocked, id=20064, stack(0x000000aedfa00000,0x000000aedfb00000) (1024K)]
  0x0000021ea57627c0 JavaThread "Unconstrained build operations Thread 79"        [_thread_blocked, id=24604, stack(0x000000aedfb00000,0x000000aedfc00000) (1024K)]
  0x0000021ea575f340 JavaThread "Unconstrained build operations Thread 80"        [_thread_blocked, id=6708, stack(0x000000aedfc00000,0x000000aedfd00000) (1024K)]
  0x0000021ea5762e50 JavaThread "Unconstrained build operations Thread 81"        [_thread_blocked, id=10548, stack(0x000000aedfd00000,0x000000aedfe00000) (1024K)]
  0x0000021ea5764f20 JavaThread "Unconstrained build operations Thread 82"        [_thread_blocked, id=14508, stack(0x000000aedff00000,0x000000aee0000000) (1024K)]
  0x0000021ea5764200 JavaThread "Unconstrained build operations Thread 83"        [_thread_blocked, id=20700, stack(0x000000aee0000000,0x000000aee0100000) (1024K)]
  0x0000021ea5764890 JavaThread "Unconstrained build operations Thread 84"        [_thread_blocked, id=25384, stack(0x000000aee0100000,0x000000aee0200000) (1024K)]
  0x0000021effb4f1a0 JavaThread "Unconstrained build operations Thread 85"        [_thread_blocked, id=21292, stack(0x000000aee0200000,0x000000aee0300000) (1024K)]
  0x0000021ea9169df0 JavaThread "Unconstrained build operations Thread 86"        [_thread_blocked, id=20392, stack(0x000000aee0300000,0x000000aee0400000) (1024K)]
  0x0000021ea916b1a0 JavaThread "Unconstrained build operations Thread 87"        [_thread_blocked, id=27516, stack(0x000000aee0400000,0x000000aee0500000) (1024K)]
  0x0000021ea916a480 JavaThread "Unconstrained build operations Thread 88"        [_thread_blocked, id=21084, stack(0x000000aee0500000,0x000000aee0600000) (1024K)]
  0x0000021ea916ab10 JavaThread "Unconstrained build operations Thread 89"        [_thread_blocked, id=26736, stack(0x000000aee0600000,0x000000aee0700000) (1024K)]
  0x0000021ea9167d20 JavaThread "Unconstrained build operations Thread 90"        [_thread_blocked, id=23704, stack(0x000000aee0700000,0x000000aee0800000) (1024K)]
  0x0000021ea91690d0 JavaThread "Unconstrained build operations Thread 91"        [_thread_blocked, id=25012, stack(0x000000aee0800000,0x000000aee0900000) (1024K)]
  0x0000021ea91683b0 JavaThread "Unconstrained build operations Thread 92"        [_thread_blocked, id=21276, stack(0x000000aee0900000,0x000000aee0a00000) (1024K)]
  0x0000021ea9168a40 JavaThread "Unconstrained build operations Thread 93"        [_thread_blocked, id=24744, stack(0x000000aed7a00000,0x000000aed7b00000) (1024K)]
  0x0000021ea9169760 JavaThread "Unconstrained build operations Thread 94"        [_thread_blocked, id=27028, stack(0x000000aedfe00000,0x000000aedff00000) (1024K)]
  0x0000021ea916d900 JavaThread "Unconstrained build operations Thread 95"        [_thread_blocked, id=27700, stack(0x000000aee0a00000,0x000000aee0b00000) (1024K)]
  0x0000021ea916ecb0 JavaThread "Unconstrained build operations Thread 96"        [_thread_blocked, id=3204, stack(0x000000aee0b00000,0x000000aee0c00000) (1024K)]
  0x0000021ea916df90 JavaThread "Unconstrained build operations Thread 97"        [_thread_blocked, id=21896, stack(0x000000aee0c00000,0x000000aee0d00000) (1024K)]
  0x0000021ea916f340 JavaThread "Unconstrained build operations Thread 98"        [_thread_blocked, id=17292, stack(0x000000aee0d00000,0x000000aee0e00000) (1024K)]
  0x0000021ea916c550 JavaThread "Unconstrained build operations Thread 99"        [_thread_blocked, id=27964, stack(0x000000aee0e00000,0x000000aee0f00000) (1024K)]
  0x0000021ea916d270 JavaThread "Unconstrained build operations Thread 100"        [_thread_blocked, id=28480, stack(0x000000aee0f00000,0x000000aee1000000) (1024K)]
  0x0000021ea916cbe0 JavaThread "Unconstrained build operations Thread 101"        [_thread_blocked, id=15340, stack(0x000000aee1000000,0x000000aee1100000) (1024K)]
  0x0000021ea916e620 JavaThread "Unconstrained build operations Thread 102"        [_thread_blocked, id=18900, stack(0x000000aee1100000,0x000000aee1200000) (1024K)]
  0x0000021ea8fdf910 JavaThread "Unconstrained build operations Thread 103"        [_thread_blocked, id=22836, stack(0x000000aee1200000,0x000000aee1300000) (1024K)]
  0x0000021ea8fe3420 JavaThread "Unconstrained build operations Thread 104"        [_thread_blocked, id=18428, stack(0x000000aee1300000,0x000000aee1400000) (1024K)]
  0x0000021ea8fe2d90 JavaThread "Unconstrained build operations Thread 105"        [_thread_blocked, id=6792, stack(0x000000aee1400000,0x000000aee1500000) (1024K)]
  0x0000021ea8fe19e0 JavaThread "Unconstrained build operations Thread 106"        [_thread_blocked, id=24676, stack(0x000000aee1500000,0x000000aee1600000) (1024K)]
  0x0000021ea8fe0cc0 JavaThread "Unconstrained build operations Thread 107"        [_thread_blocked, id=27948, stack(0x000000aee1600000,0x000000aee1700000) (1024K)]
  0x0000021ea8fe2070 JavaThread "Unconstrained build operations Thread 108"        [_thread_blocked, id=23164, stack(0x000000aee1700000,0x000000aee1800000) (1024K)]
  0x0000021ea8fdffa0 JavaThread "Unconstrained build operations Thread 109"        [_thread_blocked, id=12676, stack(0x000000aee1800000,0x000000aee1900000) (1024K)]
  0x0000021ea8fe3ab0 JavaThread "Unconstrained build operations Thread 110"        [_thread_blocked, id=3004, stack(0x000000aee1900000,0x000000aee1a00000) (1024K)]
  0x0000021ea8fe2700 JavaThread "Unconstrained build operations Thread 111"        [_thread_blocked, id=28656, stack(0x000000aee1a00000,0x000000aee1b00000) (1024K)]
  0x0000021ea8fe0630 JavaThread "Unconstrained build operations Thread 112"        [_thread_blocked, id=28008, stack(0x000000aee1b00000,0x000000aee1c00000) (1024K)]
  0x0000021ea8fe4140 JavaThread "Unconstrained build operations Thread 113"        [_thread_blocked, id=20032, stack(0x000000aee1c00000,0x000000aee1d00000) (1024K)]
  0x0000021ea8fe68a0 JavaThread "Unconstrained build operations Thread 114"        [_thread_blocked, id=27832, stack(0x000000aee1d00000,0x000000aee1e00000) (1024K)]
  0x0000021ea8fe75c0 JavaThread "Unconstrained build operations Thread 115"        [_thread_blocked, id=27116, stack(0x000000aee1e00000,0x000000aee1f00000) (1024K)]
  0x0000021ea8fe6210 JavaThread "Unconstrained build operations Thread 116"        [_thread_blocked, id=21780, stack(0x000000aee1f00000,0x000000aee2000000) (1024K)]
  0x0000021ea8fe6f30 JavaThread "Unconstrained build operations Thread 117"        [_thread_blocked, id=3132, stack(0x000000aee2000000,0x000000aee2100000) (1024K)]
  0x0000021ea8fe7c50 JavaThread "Unconstrained build operations Thread 118"        [_thread_blocked, id=5112, stack(0x000000aee2100000,0x000000aee2200000) (1024K)]
  0x0000021ea8fe5b80 JavaThread "Unconstrained build operations Thread 119"        [_thread_blocked, id=27772, stack(0x000000aee2200000,0x000000aee2300000) (1024K)]
  0x0000021ea8fe82e0 JavaThread "Unconstrained build operations Thread 120"        [_thread_blocked, id=20712, stack(0x000000aee2300000,0x000000aee2400000) (1024K)]
  0x0000021ea64c44b0 JavaThread "C2 CompilerThread1"         daemon [_thread_blocked, id=22364, stack(0x000000aee2600000,0x000000aee2700000) (1024K)]
  0x0000021ea64c66c0 JavaThread "C2 CompilerThread2"         daemon [_thread_blocked, id=9640, stack(0x000000aee2700000,0x000000aee2800000) (1024K)]
Total: 170

Other Threads:
=>0x0000021effafc510 VMThread "VM Thread"                           [id=26668, stack(0x000000aed7000000,0x000000aed7100000) (1024K)]
  0x0000021e9d0809d0 WatcherThread "VM Periodic Task Thread"        [id=6392, stack(0x000000aed6f00000,0x000000aed7000000) (1024K)]
  0x0000021ee3e4ce40 WorkerThread "GC Thread#0"                     [id=15756, stack(0x000000aed6a00000,0x000000aed6b00000) (1024K)]
  0x0000021e9dcd92b0 WorkerThread "GC Thread#1"                     [id=20772, stack(0x000000aed7d00000,0x000000aed7e00000) (1024K)]
  0x0000021e9dcd9660 WorkerThread "GC Thread#2"                     [id=24856, stack(0x000000aed7e00000,0x000000aed7f00000) (1024K)]
  0x0000021e9daad170 WorkerThread "GC Thread#3"                     [id=26680, stack(0x000000aed7f00000,0x000000aed8000000) (1024K)]
  0x0000021e9daad520 WorkerThread "GC Thread#4"                     [id=16820, stack(0x000000aed8000000,0x000000aed8100000) (1024K)]
  0x0000021ea2a61d00 WorkerThread "GC Thread#5"                     [id=28492, stack(0x000000aed8100000,0x000000aed8200000) (1024K)]
  0x0000021ea2a620b0 WorkerThread "GC Thread#6"                     [id=23080, stack(0x000000aed8200000,0x000000aed8300000) (1024K)]
  0x0000021ea2a62460 WorkerThread "GC Thread#7"                     [id=27976, stack(0x000000aed8300000,0x000000aed8400000) (1024K)]
  0x0000021ea26a8540 WorkerThread "GC Thread#8"                     [id=18988, stack(0x000000aed8400000,0x000000aed8500000) (1024K)]
  0x0000021ea484bad0 WorkerThread "GC Thread#9"                     [id=2268, stack(0x000000aed9200000,0x000000aed9300000) (1024K)]
  0x0000021ee3e5ec60 ConcurrentGCThread "G1 Main Marker"            [id=7908, stack(0x000000aed6b00000,0x000000aed6c00000) (1024K)]
  0x0000021ee3e5fe20 WorkerThread "G1 Conc#0"                       [id=17284, stack(0x000000aed6c00000,0x000000aed6d00000) (1024K)]
  0x0000021ea4849240 WorkerThread "G1 Conc#1"                       [id=13280, stack(0x000000aed9300000,0x000000aed9400000) (1024K)]
  0x0000021ea4847fd0 WorkerThread "G1 Conc#2"                       [id=28448, stack(0x000000aed9400000,0x000000aed9500000) (1024K)]
  0x0000021effa396f0 ConcurrentGCThread "G1 Refine#0"               [id=9988, stack(0x000000aed6d00000,0x000000aed6e00000) (1024K)]
  0x0000021effa3a180 ConcurrentGCThread "G1 Service"                [id=4100, stack(0x000000aed6e00000,0x000000aed6f00000) (1024K)]
Total: 18

Threads with active compile tasks:
C2 CompilerThread0  60053 17080 %     4       org.objectweb.asm.ClassReader::readCode @ 92 (5117 bytes)
C2 CompilerThread1  60053 17043       4       org.objectweb.asm.ClassReader::accept (1419 bytes)
C2 CompilerThread2  60053 17106       4       org.objectweb.asm.MethodWriter::visitFrame (811 bytes)
Total: 3

VM state: at safepoint (normal execution)

VM Mutex/Monitor currently owned by a thread:  ([mutex/lock_event])
[0x00007fff567ccb80] Threads_lock - owner thread: 0x0000021effafc510
[0x00007fff567ccc80] Heap_lock - owner thread: 0x0000021ea6ade000

Heap address: 0x0000000080000000, size: 2048 MB, Compressed Oops mode: 32-bit

CDS archive(s) mapped at: [0x0000021e82000000-0x0000021e82c60000-0x0000021e82c60000), size 12976128, SharedBaseAddress: 0x0000021e82000000, ArchiveRelocationMode: 1.
Compressed class space mapped at: 0x0000021e83000000-0x0000021e9d000000, reserved size: 436207616
Narrow klass base: 0x0000021e82000000, Narrow klass shift: 0, Narrow klass range: 0x1b000000

GC Precious Log:
 CardTable entry size: 512
 Card Set container configuration: InlinePtr #cards 5 size 8 Array Of Cards #cards 12 size 40 Howl #buckets 4 coarsen threshold 1843 Howl Bitmap #cards 512 size 80 coarsen threshold 460 Card regions per heap region 1 cards per card region 2048
 CPUs: 12 total, 12 available
 Memory: 15710M
 Large Page Support: Disabled
 NUMA Support: Disabled
 Compressed Oops: Enabled (32-bit)
 Heap Region Size: 1M
 Heap Min Capacity: 8M
 Heap Initial Capacity: 246M
 Heap Max Capacity: 2G
 Pre-touch: Disabled
 Parallel Workers: 10
 Concurrent Workers: 3
 Concurrent Refinement Workers: 10
 Periodic GC: Disabled

Heap:
 garbage-first heap   total reserved 2097152K, committed 442368K, used 141635K [0x0000000080000000, 0x0000000100000000)
  region size 1024K, 18 young (18432K), 18 survivors (18432K)
 Metaspace       used 86935K, committed 89152K, reserved 557056K
  class space    used 12051K, committed 13120K, reserved 425984K

Heap Regions: E=young(eden), S=young(survivor), O=old, HS=humongous(starts), HC=humongous(continues), CS=collection set, F=free, TAMS=top-at-mark-start, PB=parsable bottom
|   0|0x0000000080000000, 0x0000000080100000, 0x0000000080100000|100%| O|  |TAMS 0x0000000080000000| PB 0x0000000080000000| Untracked |  0
|   1|0x0000000080100000, 0x0000000080200000, 0x0000000080200000|100%|HS|  |TAMS 0x0000000080100000| PB 0x0000000080100000| Complete |  0
|   2|0x0000000080200000, 0x0000000080300000, 0x0000000080300000|100%|HC|  |TAMS 0x0000000080200000| PB 0x0000000080200000| Complete |  0
|   3|0x0000000080300000, 0x0000000080400000, 0x0000000080400000|100%|HC|  |TAMS 0x0000000080300000| PB 0x0000000080300000| Complete |  0
|   4|0x0000000080400000, 0x0000000080500000, 0x0000000080500000|100%| O|  |TAMS 0x0000000080400000| PB 0x0000000080400000| Untracked |  0
|   5|0x0000000080500000, 0x0000000080600000, 0x0000000080600000|100%| O|  |TAMS 0x0000000080500000| PB 0x0000000080500000| Untracked |  0
|   6|0x0000000080600000, 0x0000000080700000, 0x0000000080700000|100%| O|  |TAMS 0x0000000080600000| PB 0x0000000080600000| Untracked |  0
|   7|0x0000000080700000, 0x0000000080800000, 0x0000000080800000|100%|HS|  |TAMS 0x0000000080700000| PB 0x0000000080700000| Complete |  0
|   8|0x0000000080800000, 0x0000000080900000, 0x0000000080900000|100%| O|  |TAMS 0x0000000080800000| PB 0x0000000080800000| Untracked |  0
|   9|0x0000000080900000, 0x0000000080a00000, 0x0000000080a00000|100%| O|  |TAMS 0x0000000080900000| PB 0x0000000080900000| Untracked |  0
|  10|0x0000000080a00000, 0x0000000080b00000, 0x0000000080b00000|100%| O|  |TAMS 0x0000000080a00000| PB 0x0000000080a00000| Untracked |  0
|  11|0x0000000080b00000, 0x0000000080c00000, 0x0000000080c00000|100%| O|  |TAMS 0x0000000080b00000| PB 0x0000000080b00000| Untracked |  0
|  12|0x0000000080c00000, 0x0000000080d00000, 0x0000000080d00000|100%| O|  |TAMS 0x0000000080c00000| PB 0x0000000080c00000| Untracked |  0
|  13|0x0000000080d00000, 0x0000000080e00000, 0x0000000080e00000|100%| O|  |TAMS 0x0000000080d00000| PB 0x0000000080d00000| Untracked |  0
|  14|0x0000000080e00000, 0x0000000080f00000, 0x0000000080f00000|100%| O|  |TAMS 0x0000000080e00000| PB 0x0000000080e00000| Untracked |  0
|  15|0x0000000080f00000, 0x0000000081000000, 0x0000000081000000|100%| O|  |TAMS 0x0000000080f00000| PB 0x0000000080f00000| Untracked |  0
|  16|0x0000000081000000, 0x0000000081100000, 0x0000000081100000|100%| O|  |TAMS 0x0000000081000000| PB 0x0000000081000000| Untracked |  0
|  17|0x0000000081100000, 0x0000000081200000, 0x0000000081200000|100%| O|  |TAMS 0x0000000081100000| PB 0x0000000081100000| Untracked |  0
|  18|0x0000000081200000, 0x0000000081300000, 0x0000000081300000|100%| O|  |TAMS 0x0000000081200000| PB 0x0000000081200000| Untracked |  0
|  19|0x0000000081300000, 0x0000000081400000, 0x0000000081400000|100%| O|  |TAMS 0x0000000081300000| PB 0x0000000081300000| Untracked |  0
|  20|0x0000000081400000, 0x0000000081500000, 0x0000000081500000|100%| O|  |TAMS 0x0000000081400000| PB 0x0000000081400000| Untracked |  0
|  21|0x0000000081500000, 0x0000000081600000, 0x0000000081600000|100%| O|  |TAMS 0x0000000081500000| PB 0x0000000081500000| Untracked |  0
|  22|0x0000000081600000, 0x0000000081700000, 0x0000000081700000|100%| O|  |TAMS 0x0000000081600000| PB 0x0000000081600000| Untracked |  0
|  23|0x0000000081700000, 0x0000000081800000, 0x0000000081800000|100%| O|  |TAMS 0x0000000081700000| PB 0x0000000081700000| Untracked |  0
|  24|0x0000000081800000, 0x0000000081900000, 0x0000000081900000|100%| O|  |TAMS 0x0000000081800000| PB 0x0000000081800000| Untracked |  0
|  25|0x0000000081900000, 0x0000000081a00000, 0x0000000081a00000|100%| O|  |TAMS 0x0000000081900000| PB 0x0000000081900000| Untracked |  0
|  26|0x0000000081a00000, 0x0000000081b00000, 0x0000000081b00000|100%| O|  |TAMS 0x0000000081a00000| PB 0x0000000081a00000| Untracked |  0
|  27|0x0000000081b00000, 0x0000000081c00000, 0x0000000081c00000|100%| O|  |TAMS 0x0000000081b00000| PB 0x0000000081b00000| Untracked |  0
|  28|0x0000000081c00000, 0x0000000081d00000, 0x0000000081d00000|100%| O|  |TAMS 0x0000000081c00000| PB 0x0000000081c00000| Untracked |  0
|  29|0x0000000081d00000, 0x0000000081e00000, 0x0000000081e00000|100%| O|  |TAMS 0x0000000081d00000| PB 0x0000000081d00000| Untracked |  0
|  30|0x0000000081e00000, 0x0000000081f00000, 0x0000000081f00000|100%| O|  |TAMS 0x0000000081e00000| PB 0x0000000081e00000| Untracked |  0
|  31|0x0000000081f00000, 0x0000000082000000, 0x0000000082000000|100%| O|  |TAMS 0x0000000081f00000| PB 0x0000000081f00000| Untracked |  0
|  32|0x0000000082000000, 0x0000000082100000, 0x0000000082100000|100%| O|  |TAMS 0x0000000082000000| PB 0x0000000082000000| Untracked |  0
|  33|0x0000000082100000, 0x0000000082200000, 0x0000000082200000|100%| O|  |TAMS 0x0000000082100000| PB 0x0000000082100000| Untracked |  0
|  34|0x0000000082200000, 0x0000000082300000, 0x0000000082300000|100%| O|  |TAMS 0x0000000082200000| PB 0x0000000082200000| Untracked |  0
|  35|0x0000000082300000, 0x0000000082400000, 0x0000000082400000|100%|HS|  |TAMS 0x0000000082300000| PB 0x0000000082300000| Complete |  0
|  36|0x0000000082400000, 0x0000000082500000, 0x0000000082500000|100%|HC|  |TAMS 0x0000000082400000| PB 0x0000000082400000| Complete |  0
|  37|0x0000000082500000, 0x0000000082600000, 0x0000000082600000|100%|HS|  |TAMS 0x0000000082500000| PB 0x0000000082500000| Complete |  0
|  38|0x0000000082600000, 0x0000000082700000, 0x0000000082700000|100%|HC|  |TAMS 0x0000000082600000| PB 0x0000000082600000| Complete |  0
|  39|0x0000000082700000, 0x0000000082800000, 0x0000000082800000|100%| O|  |TAMS 0x0000000082700000| PB 0x0000000082700000| Untracked |  0
|  40|0x0000000082800000, 0x0000000082900000, 0x0000000082900000|100%| O|  |TAMS 0x0000000082800000| PB 0x0000000082800000| Untracked |  0
|  41|0x0000000082900000, 0x0000000082a00000, 0x0000000082a00000|100%| O|  |TAMS 0x0000000082900000| PB 0x0000000082900000| Untracked |  0
|  42|0x0000000082a00000, 0x0000000082b00000, 0x0000000082b00000|100%| O|  |TAMS 0x0000000082a00000| PB 0x0000000082a00000| Untracked |  0
|  43|0x0000000082b00000, 0x0000000082c00000, 0x0000000082c00000|100%| O|  |TAMS 0x0000000082b00000| PB 0x0000000082b00000| Untracked |  0
|  44|0x0000000082c00000, 0x0000000082d00000, 0x0000000082d00000|100%| O|  |TAMS 0x0000000082c00000| PB 0x0000000082c00000| Untracked |  0
|  45|0x0000000082d00000, 0x0000000082e00000, 0x0000000082e00000|100%|HS|  |TAMS 0x0000000082d00000| PB 0x0000000082d00000| Complete |  0
|  46|0x0000000082e00000, 0x0000000082f00000, 0x0000000082f00000|100%|HC|  |TAMS 0x0000000082e00000| PB 0x0000000082e00000| Complete |  0
|  47|0x0000000082f00000, 0x0000000083000000, 0x0000000083000000|100%|HC|  |TAMS 0x0000000082f00000| PB 0x0000000082f00000| Complete |  0
|  48|0x0000000083000000, 0x0000000083100000, 0x0000000083100000|100%|HC|  |TAMS 0x0000000083000000| PB 0x0000000083000000| Complete |  0
|  49|0x0000000083100000, 0x0000000083100000, 0x0000000083200000|  0%| F|  |TAMS 0x0000000083100000| PB 0x0000000083100000| Untracked |  0
|  50|0x0000000083200000, 0x0000000083300000, 0x0000000083300000|100%|HS|  |TAMS 0x0000000083200000| PB 0x0000000083200000| Complete |  0
|  51|0x0000000083300000, 0x0000000083400000, 0x0000000083400000|100%| O|  |TAMS 0x0000000083300000| PB 0x0000000083300000| Untracked |  0
|  52|0x0000000083400000, 0x0000000083500000, 0x0000000083500000|100%|HS|  |TAMS 0x0000000083400000| PB 0x0000000083400000| Complete |  0
|  53|0x0000000083500000, 0x0000000083600000, 0x0000000083600000|100%| O|  |TAMS 0x0000000083500000| PB 0x0000000083500000| Untracked |  0
|  54|0x0000000083600000, 0x0000000083700000, 0x0000000083700000|100%| O|  |TAMS 0x0000000083600000| PB 0x0000000083600000| Untracked |  0
|  55|0x0000000083700000, 0x0000000083800000, 0x0000000083800000|100%| O|  |TAMS 0x0000000083700000| PB 0x0000000083700000| Untracked |  0
|  56|0x0000000083800000, 0x0000000083900000, 0x0000000083900000|100%| O|  |TAMS 0x0000000083800000| PB 0x0000000083800000| Untracked |  0
|  57|0x0000000083900000, 0x0000000083a00000, 0x0000000083a00000|100%| O|  |TAMS 0x0000000083900000| PB 0x0000000083900000| Untracked |  0
|  58|0x0000000083a00000, 0x0000000083b00000, 0x0000000083b00000|100%| O|  |TAMS 0x0000000083a00000| PB 0x0000000083a00000| Untracked |  0
|  59|0x0000000083b00000, 0x0000000083c00000, 0x0000000083c00000|100%|HS|  |TAMS 0x0000000083b00000| PB 0x0000000083b00000| Complete |  0
|  60|0x0000000083c00000, 0x0000000083d00000, 0x0000000083d00000|100%| O|  |TAMS 0x0000000083c00000| PB 0x0000000083c00000| Untracked |  0
|  61|0x0000000083d00000, 0x0000000083e00000, 0x0000000083e00000|100%| O|  |TAMS 0x0000000083d00000| PB 0x0000000083d00000| Untracked |  0
|  62|0x0000000083e00000, 0x0000000083e00000, 0x0000000083f00000|  0%| F|  |TAMS 0x0000000083e00000| PB 0x0000000083e00000| Untracked |  0
|  63|0x0000000083f00000, 0x0000000084000000, 0x0000000084000000|100%| O|  |TAMS 0x0000000083f00000| PB 0x0000000083f00000| Untracked |  0
|  64|0x0000000084000000, 0x0000000084100000, 0x0000000084100000|100%| O|  |TAMS 0x0000000084000000| PB 0x0000000084000000| Untracked |  0
|  65|0x0000000084100000, 0x0000000084200000, 0x0000000084200000|100%| O|  |TAMS 0x0000000084100000| PB 0x0000000084100000| Untracked |  0
|  66|0x0000000084200000, 0x0000000084300000, 0x0000000084300000|100%| O|  |TAMS 0x0000000084200000| PB 0x0000000084200000| Untracked |  0
|  67|0x0000000084300000, 0x0000000084400000, 0x0000000084400000|100%| O|  |TAMS 0x0000000084300000| PB 0x0000000084300000| Untracked |  0
|  68|0x0000000084400000, 0x0000000084500000, 0x0000000084500000|100%| O|  |TAMS 0x0000000084400000| PB 0x0000000084400000| Untracked |  0
|  69|0x0000000084500000, 0x0000000084600000, 0x0000000084600000|100%|HS|  |TAMS 0x0000000084500000| PB 0x0000000084500000| Complete |  0
|  70|0x0000000084600000, 0x0000000084700000, 0x0000000084700000|100%| O|  |TAMS 0x0000000084600000| PB 0x0000000084600000| Untracked |  0
|  71|0x0000000084700000, 0x0000000084800000, 0x0000000084800000|100%| O|  |TAMS 0x0000000084700000| PB 0x0000000084700000| Untracked |  0
|  72|0x0000000084800000, 0x0000000084900000, 0x0000000084900000|100%| O|  |TAMS 0x0000000084800000| PB 0x0000000084800000| Untracked |  0
|  73|0x0000000084900000, 0x0000000084a00000, 0x0000000084a00000|100%| O|  |TAMS 0x0000000084900000| PB 0x0000000084900000| Untracked |  0
|  74|0x0000000084a00000, 0x0000000084b00000, 0x0000000084b00000|100%| O|  |TAMS 0x0000000084a00000| PB 0x0000000084a00000| Untracked |  0
|  75|0x0000000084b00000, 0x0000000084c00000, 0x0000000084c00000|100%| O|  |TAMS 0x0000000084b00000| PB 0x0000000084b00000| Untracked |  0
|  76|0x0000000084c00000, 0x0000000084c00000, 0x0000000084d00000|  0%| F|  |TAMS 0x0000000084c00000| PB 0x0000000084c00000| Untracked |  0
|  77|0x0000000084d00000, 0x0000000084e00000, 0x0000000084e00000|100%| O|  |TAMS 0x0000000084d00000| PB 0x0000000084d00000| Untracked |  0
|  78|0x0000000084e00000, 0x0000000084f00000, 0x0000000084f00000|100%| O|  |TAMS 0x0000000084e00000| PB 0x0000000084e00000| Untracked |  0
|  79|0x0000000084f00000, 0x0000000085000000, 0x0000000085000000|100%| O|  |TAMS 0x0000000084f00000| PB 0x0000000084f00000| Untracked |  0
|  80|0x0000000085000000, 0x0000000085100000, 0x0000000085100000|100%| O|  |TAMS 0x0000000085000000| PB 0x0000000085000000| Untracked |  0
|  81|0x0000000085100000, 0x0000000085200000, 0x0000000085200000|100%| O|  |TAMS 0x0000000085100000| PB 0x0000000085100000| Untracked |  0
|  82|0x0000000085200000, 0x0000000085300000, 0x0000000085300000|100%|HS|  |TAMS 0x0000000085200000| PB 0x0000000085200000| Complete |  0
|  83|0x0000000085300000, 0x0000000085400000, 0x0000000085400000|100%| O|  |TAMS 0x0000000085300000| PB 0x0000000085300000| Untracked |  0
|  84|0x0000000085400000, 0x0000000085500000, 0x0000000085500000|100%| O|  |TAMS 0x0000000085400000| PB 0x0000000085400000| Untracked |  0
|  85|0x0000000085500000, 0x0000000085600000, 0x0000000085600000|100%| O|  |TAMS 0x0000000085500000| PB 0x0000000085500000| Untracked |  0
|  86|0x0000000085600000, 0x0000000085700000, 0x0000000085700000|100%| O|  |TAMS 0x0000000085600000| PB 0x0000000085600000| Untracked |  0
|  87|0x0000000085700000, 0x0000000085800000, 0x0000000085800000|100%| O|  |TAMS 0x0000000085700000| PB 0x0000000085700000| Untracked |  0
|  88|0x0000000085800000, 0x0000000085800000, 0x0000000085900000|  0%| F|  |TAMS 0x0000000085800000| PB 0x0000000085800000| Untracked |  0
|  89|0x0000000085900000, 0x0000000085a00000, 0x0000000085a00000|100%| O|  |TAMS 0x0000000085900000| PB 0x0000000085900000| Untracked |  0
|  90|0x0000000085a00000, 0x0000000085b00000, 0x0000000085b00000|100%| O|  |TAMS 0x0000000085a00000| PB 0x0000000085a00000| Untracked |  0
|  91|0x0000000085b00000, 0x0000000085c00000, 0x0000000085c00000|100%| O|  |TAMS 0x0000000085b00000| PB 0x0000000085b00000| Untracked |  0
|  92|0x0000000085c00000, 0x0000000085d00000, 0x0000000085d00000|100%| O|  |TAMS 0x0000000085c00000| PB 0x0000000085c00000| Untracked |  0
|  93|0x0000000085d00000, 0x0000000085e00000, 0x0000000085e00000|100%| O|  |TAMS 0x0000000085d00000| PB 0x0000000085d00000| Untracked |  0
|  94|0x0000000085e00000, 0x0000000085f00000, 0x0000000085f00000|100%| O|  |TAMS 0x0000000085e00000| PB 0x0000000085e00000| Untracked |  0
|  95|0x0000000085f00000, 0x0000000086000000, 0x0000000086000000|100%| O|  |TAMS 0x0000000085f00000| PB 0x0000000085f00000| Untracked |  0
|  96|0x0000000086000000, 0x0000000086100000, 0x0000000086100000|100%| O|  |TAMS 0x0000000086000000| PB 0x0000000086000000| Untracked |  0
|  97|0x0000000086100000, 0x0000000086200000, 0x0000000086200000|100%| O|  |TAMS 0x0000000086100000| PB 0x0000000086100000| Untracked |  0
|  98|0x0000000086200000, 0x0000000086300000, 0x0000000086300000|100%| O|  |TAMS 0x0000000086200000| PB 0x0000000086200000| Untracked |  0
|  99|0x0000000086300000, 0x0000000086400000, 0x0000000086400000|100%| O|  |TAMS 0x0000000086300000| PB 0x0000000086300000| Untracked |  0
| 100|0x0000000086400000, 0x0000000086500000, 0x0000000086500000|100%| O|  |TAMS 0x0000000086400000| PB 0x0000000086400000| Untracked |  0
| 101|0x0000000086500000, 0x0000000086600000, 0x0000000086600000|100%| O|  |TAMS 0x0000000086500000| PB 0x0000000086500000| Untracked |  0
| 102|0x0000000086600000, 0x0000000086700000, 0x0000000086700000|100%| O|  |TAMS 0x0000000086600000| PB 0x0000000086600000| Untracked |  0
| 103|0x0000000086700000, 0x0000000086800000, 0x0000000086800000|100%| O|  |TAMS 0x0000000086700000| PB 0x0000000086700000| Untracked |  0
| 104|0x0000000086800000, 0x0000000086900000, 0x0000000086900000|100%| O|  |TAMS 0x0000000086800000| PB 0x0000000086800000| Untracked |  0
| 105|0x0000000086900000, 0x0000000086a00000, 0x0000000086a00000|100%| O|  |TAMS 0x0000000086900000| PB 0x0000000086900000| Untracked |  0
| 106|0x0000000086a00000, 0x0000000086b00000, 0x0000000086b00000|100%| O|  |TAMS 0x0000000086a00000| PB 0x0000000086a00000| Untracked |  0
| 107|0x0000000086b00000, 0x0000000086c00000, 0x0000000086c00000|100%| O|  |TAMS 0x0000000086b00000| PB 0x0000000086b00000| Untracked |  0
| 108|0x0000000086c00000, 0x0000000086d00000, 0x0000000086d00000|100%| O|  |TAMS 0x0000000086c00000| PB 0x0000000086c00000| Untracked |  0
| 109|0x0000000086d00000, 0x0000000086dd0fc0, 0x0000000086e00000| 81%| O|  |TAMS 0x0000000086d00000| PB 0x0000000086d00000| Untracked |  0
| 110|0x0000000086e00000, 0x0000000086e00000, 0x0000000086f00000|  0%| F|  |TAMS 0x0000000086e00000| PB 0x0000000086e00000| Untracked |  0
| 111|0x0000000086f00000, 0x0000000086f00000, 0x0000000087000000|  0%| F|  |TAMS 0x0000000086f00000| PB 0x0000000086f00000| Untracked |  0
| 112|0x0000000087000000, 0x0000000087000000, 0x0000000087100000|  0%| F|  |TAMS 0x0000000087000000| PB 0x0000000087000000| Untracked |  0
| 113|0x0000000087100000, 0x0000000087100000, 0x0000000087200000|  0%| F|  |TAMS 0x0000000087100000| PB 0x0000000087100000| Untracked |  0
| 114|0x0000000087200000, 0x0000000087200000, 0x0000000087300000|  0%| F|  |TAMS 0x0000000087200000| PB 0x0000000087200000| Untracked |  0
| 115|0x0000000087300000, 0x0000000087300000, 0x0000000087400000|  0%| F|  |TAMS 0x0000000087300000| PB 0x0000000087300000| Untracked |  0
| 116|0x0000000087400000, 0x0000000087400000, 0x0000000087500000|  0%| F|  |TAMS 0x0000000087400000| PB 0x0000000087400000| Untracked |  0
| 117|0x0000000087500000, 0x0000000087500000, 0x0000000087600000|  0%| F|  |TAMS 0x0000000087500000| PB 0x0000000087500000| Untracked |  0
| 118|0x0000000087600000, 0x0000000087600000, 0x0000000087700000|  0%| F|  |TAMS 0x0000000087600000| PB 0x0000000087600000| Untracked |  0
| 119|0x0000000087700000, 0x0000000087700000, 0x0000000087800000|  0%| F|  |TAMS 0x0000000087700000| PB 0x0000000087700000| Untracked |  0
| 120|0x0000000087800000, 0x0000000087800000, 0x0000000087900000|  0%| F|  |TAMS 0x0000000087800000| PB 0x0000000087800000| Untracked |  0
| 121|0x0000000087900000, 0x0000000087900000, 0x0000000087a00000|  0%| F|  |TAMS 0x0000000087900000| PB 0x0000000087900000| Untracked |  0
| 122|0x0000000087a00000, 0x0000000087a00000, 0x0000000087b00000|  0%| F|  |TAMS 0x0000000087a00000| PB 0x0000000087a00000| Untracked |  0
| 123|0x0000000087b00000, 0x0000000087b00000, 0x0000000087c00000|  0%| F|  |TAMS 0x0000000087b00000| PB 0x0000000087b00000| Untracked |  0
| 124|0x0000000087c00000, 0x0000000087c00000, 0x0000000087d00000|  0%| F|  |TAMS 0x0000000087c00000| PB 0x0000000087c00000| Untracked |  0
| 125|0x0000000087d00000, 0x0000000087d00000, 0x0000000087e00000|  0%| F|  |TAMS 0x0000000087d00000| PB 0x0000000087d00000| Untracked |  0
| 126|0x0000000087e00000, 0x0000000087e00000, 0x0000000087f00000|  0%| F|  |TAMS 0x0000000087e00000| PB 0x0000000087e00000| Untracked |  0
| 127|0x0000000087f00000, 0x0000000087f00000, 0x0000000088000000|  0%| F|  |TAMS 0x0000000087f00000| PB 0x0000000087f00000| Untracked |  0
| 128|0x0000000088000000, 0x0000000088000000, 0x0000000088100000|  0%| F|  |TAMS 0x0000000088000000| PB 0x0000000088000000| Untracked |  0
| 129|0x0000000088100000, 0x0000000088100000, 0x0000000088200000|  0%| F|  |TAMS 0x0000000088100000| PB 0x0000000088100000| Untracked |  0
| 130|0x0000000088200000, 0x0000000088200000, 0x0000000088300000|  0%| F|  |TAMS 0x0000000088200000| PB 0x0000000088200000| Untracked |  0
| 131|0x0000000088300000, 0x0000000088300000, 0x0000000088400000|  0%| F|  |TAMS 0x0000000088300000| PB 0x0000000088300000| Untracked |  0
| 132|0x0000000088400000, 0x0000000088400000, 0x0000000088500000|  0%| F|  |TAMS 0x0000000088400000| PB 0x0000000088400000| Untracked |  0
| 133|0x0000000088500000, 0x0000000088500000, 0x0000000088600000|  0%| F|  |TAMS 0x0000000088500000| PB 0x0000000088500000| Untracked |  0
| 134|0x0000000088600000, 0x0000000088600000, 0x0000000088700000|  0%| F|  |TAMS 0x0000000088600000| PB 0x0000000088600000| Untracked |  0
| 135|0x0000000088700000, 0x0000000088700000, 0x0000000088800000|  0%| F|  |TAMS 0x0000000088700000| PB 0x0000000088700000| Untracked |  0
| 136|0x0000000088800000, 0x0000000088900000, 0x0000000088900000|100%| O|  |TAMS 0x0000000088800000| PB 0x0000000088800000| Untracked |  0
| 137|0x0000000088900000, 0x0000000088a00000, 0x0000000088a00000|100%| O|  |TAMS 0x0000000088900000| PB 0x0000000088900000| Untracked |  0
| 138|0x0000000088a00000, 0x0000000088b00000, 0x0000000088b00000|100%| O|  |TAMS 0x0000000088a00000| PB 0x0000000088a00000| Untracked |  0
| 139|0x0000000088b00000, 0x0000000088c00000, 0x0000000088c00000|100%| O|  |TAMS 0x0000000088b00000| PB 0x0000000088b00000| Untracked |  0
| 140|0x0000000088c00000, 0x0000000088c00000, 0x0000000088d00000|  0%| F|  |TAMS 0x0000000088c00000| PB 0x0000000088c00000| Untracked |  0
| 141|0x0000000088d00000, 0x0000000088d00000, 0x0000000088e00000|  0%| F|  |TAMS 0x0000000088d00000| PB 0x0000000088d00000| Untracked |  0
| 142|0x0000000088e00000, 0x0000000088e00000, 0x0000000088f00000|  0%| F|  |TAMS 0x0000000088e00000| PB 0x0000000088e00000| Untracked |  0
| 143|0x0000000088f00000, 0x0000000088f00000, 0x0000000089000000|  0%| F|  |TAMS 0x0000000088f00000| PB 0x0000000088f00000| Untracked |  0
| 144|0x0000000089000000, 0x0000000089000000, 0x0000000089100000|  0%| F|  |TAMS 0x0000000089000000| PB 0x0000000089000000| Untracked |  0
| 145|0x0000000089100000, 0x0000000089100000, 0x0000000089200000|  0%| F|  |TAMS 0x0000000089100000| PB 0x0000000089100000| Untracked |  0
| 146|0x0000000089200000, 0x0000000089200000, 0x0000000089300000|  0%| F|  |TAMS 0x0000000089200000| PB 0x0000000089200000| Untracked |  0
| 147|0x0000000089300000, 0x0000000089300000, 0x0000000089400000|  0%| F|  |TAMS 0x0000000089300000| PB 0x0000000089300000| Untracked |  0
| 148|0x0000000089400000, 0x0000000089400000, 0x0000000089500000|  0%| F|  |TAMS 0x0000000089400000| PB 0x0000000089400000| Untracked |  0
| 149|0x0000000089500000, 0x0000000089500000, 0x0000000089600000|  0%| F|  |TAMS 0x0000000089500000| PB 0x0000000089500000| Untracked |  0
| 150|0x0000000089600000, 0x0000000089600000, 0x0000000089700000|  0%| F|  |TAMS 0x0000000089600000| PB 0x0000000089600000| Untracked |  0
| 151|0x0000000089700000, 0x0000000089700000, 0x0000000089800000|  0%| F|  |TAMS 0x0000000089700000| PB 0x0000000089700000| Untracked |  0
| 152|0x0000000089800000, 0x0000000089800000, 0x0000000089900000|  0%| F|  |TAMS 0x0000000089800000| PB 0x0000000089800000| Untracked |  0
| 153|0x0000000089900000, 0x0000000089900000, 0x0000000089a00000|  0%| F|  |TAMS 0x0000000089900000| PB 0x0000000089900000| Untracked |  0
| 154|0x0000000089a00000, 0x0000000089a00000, 0x0000000089b00000|  0%| F|  |TAMS 0x0000000089a00000| PB 0x0000000089a00000| Untracked |  0
| 155|0x0000000089b00000, 0x0000000089b00000, 0x0000000089c00000|  0%| F|  |TAMS 0x0000000089b00000| PB 0x0000000089b00000| Untracked |  0
| 156|0x0000000089c00000, 0x0000000089c00000, 0x0000000089d00000|  0%| F|  |TAMS 0x0000000089c00000| PB 0x0000000089c00000| Untracked |  0
| 157|0x0000000089d00000, 0x0000000089d00000, 0x0000000089e00000|  0%| F|  |TAMS 0x0000000089d00000| PB 0x0000000089d00000| Untracked |  0
| 158|0x0000000089e00000, 0x0000000089e00000, 0x0000000089f00000|  0%| F|  |TAMS 0x0000000089e00000| PB 0x0000000089e00000| Untracked |  0
| 159|0x0000000089f00000, 0x0000000089f00000, 0x000000008a000000|  0%| F|  |TAMS 0x0000000089f00000| PB 0x0000000089f00000| Untracked |  0
| 160|0x000000008a000000, 0x000000008a000000, 0x000000008a100000|  0%| F|  |TAMS 0x000000008a000000| PB 0x000000008a000000| Untracked |  0
| 161|0x000000008a100000, 0x000000008a100000, 0x000000008a200000|  0%| F|  |TAMS 0x000000008a100000| PB 0x000000008a100000| Untracked |  0
| 162|0x000000008a200000, 0x000000008a280000, 0x000000008a300000| 50%| S|CS|TAMS 0x000000008a200000| PB 0x000000008a200000| Complete |  0
| 163|0x000000008a300000, 0x000000008a400000, 0x000000008a400000|100%| S|CS|TAMS 0x000000008a300000| PB 0x000000008a300000| Complete |  0
| 164|0x000000008a400000, 0x000000008a500000, 0x000000008a500000|100%| S|CS|TAMS 0x000000008a400000| PB 0x000000008a400000| Complete |  0
| 165|0x000000008a500000, 0x000000008a600000, 0x000000008a600000|100%| S|CS|TAMS 0x000000008a500000| PB 0x000000008a500000| Complete |  0
| 166|0x000000008a600000, 0x000000008a700000, 0x000000008a700000|100%| S|CS|TAMS 0x000000008a600000| PB 0x000000008a600000| Complete |  0
| 167|0x000000008a700000, 0x000000008a800000, 0x000000008a800000|100%| S|CS|TAMS 0x000000008a700000| PB 0x000000008a700000| Complete |  0
| 168|0x000000008a800000, 0x000000008a900000, 0x000000008a900000|100%| S|CS|TAMS 0x000000008a800000| PB 0x000000008a800000| Complete |  0
| 169|0x000000008a900000, 0x000000008aa00000, 0x000000008aa00000|100%| S|CS|TAMS 0x000000008a900000| PB 0x000000008a900000| Complete |  0
| 170|0x000000008aa00000, 0x000000008ab00000, 0x000000008ab00000|100%| S|CS|TAMS 0x000000008aa00000| PB 0x000000008aa00000| Complete |  0
| 171|0x000000008ab00000, 0x000000008ac00000, 0x000000008ac00000|100%| S|CS|TAMS 0x000000008ab00000| PB 0x000000008ab00000| Complete |  0
| 172|0x000000008ac00000, 0x000000008ad00000, 0x000000008ad00000|100%| S|CS|TAMS 0x000000008ac00000| PB 0x000000008ac00000| Complete |  0
| 173|0x000000008ad00000, 0x000000008ae00000, 0x000000008ae00000|100%| S|CS|TAMS 0x000000008ad00000| PB 0x000000008ad00000| Complete |  0
| 174|0x000000008ae00000, 0x000000008af00000, 0x000000008af00000|100%| S|CS|TAMS 0x000000008ae00000| PB 0x000000008ae00000| Complete |  0
| 175|0x000000008af00000, 0x000000008b000000, 0x000000008b000000|100%| S|CS|TAMS 0x000000008af00000| PB 0x000000008af00000| Complete |  0
| 176|0x000000008b000000, 0x000000008b100000, 0x000000008b100000|100%| S|CS|TAMS 0x000000008b000000| PB 0x000000008b000000| Complete |  0
| 177|0x000000008b100000, 0x000000008b200000, 0x000000008b200000|100%| S|CS|TAMS 0x000000008b100000| PB 0x000000008b100000| Complete |  0
| 178|0x000000008b200000, 0x000000008b300000, 0x000000008b300000|100%| S|CS|TAMS 0x000000008b200000| PB 0x000000008b200000| Complete |  0
| 179|0x000000008b300000, 0x000000008b400000, 0x000000008b400000|100%| S|CS|TAMS 0x000000008b300000| PB 0x000000008b300000| Complete |  0
| 180|0x000000008b400000, 0x000000008b400000, 0x000000008b500000|  0%| F|  |TAMS 0x000000008b400000| PB 0x000000008b400000| Untracked |  0
| 181|0x000000008b500000, 0x000000008b600000, 0x000000008b600000|100%| O|Cr|TAMS 0x000000008b500000| PB 0x000000008b500000| Complete |  2
| 182|0x000000008b600000, 0x000000008b600000, 0x000000008b700000|  0%| F|  |TAMS 0x000000008b600000| PB 0x000000008b600000| Untracked |  0
| 183|0x000000008b700000, 0x000000008b700000, 0x000000008b800000|  0%| F|  |TAMS 0x000000008b700000| PB 0x000000008b700000| Untracked |  0
| 184|0x000000008b800000, 0x000000008b800000, 0x000000008b900000|  0%| F|  |TAMS 0x000000008b800000| PB 0x000000008b800000| Untracked |  0
| 185|0x000000008b900000, 0x000000008b900000, 0x000000008ba00000|  0%| F|  |TAMS 0x000000008b900000| PB 0x000000008b900000| Untracked |  0
| 186|0x000000008ba00000, 0x000000008ba00000, 0x000000008bb00000|  0%| F|  |TAMS 0x000000008ba00000| PB 0x000000008ba00000| Untracked |  0
| 187|0x000000008bb00000, 0x000000008bb00000, 0x000000008bc00000|  0%| F|  |TAMS 0x000000008bb00000| PB 0x000000008bb00000| Untracked |  0
| 188|0x000000008bc00000, 0x000000008bc00000, 0x000000008bd00000|  0%| F|  |TAMS 0x000000008bc00000| PB 0x000000008bc00000| Untracked |  0
| 189|0x000000008bd00000, 0x000000008bd00000, 0x000000008be00000|  0%| F|  |TAMS 0x000000008bd00000| PB 0x000000008bd00000| Untracked |  0
| 190|0x000000008be00000, 0x000000008be00000, 0x000000008bf00000|  0%| F|  |TAMS 0x000000008be00000| PB 0x000000008be00000| Untracked |  0
| 191|0x000000008bf00000, 0x000000008bf00000, 0x000000008c000000|  0%| F|  |TAMS 0x000000008bf00000| PB 0x000000008bf00000| Untracked |  0
| 192|0x000000008c000000, 0x000000008c000000, 0x000000008c100000|  0%| F|  |TAMS 0x000000008c000000| PB 0x000000008c000000| Untracked |  0
| 193|0x000000008c100000, 0x000000008c100000, 0x000000008c200000|  0%| F|  |TAMS 0x000000008c100000| PB 0x000000008c100000| Untracked |  0
| 194|0x000000008c200000, 0x000000008c200000, 0x000000008c300000|  0%| F|  |TAMS 0x000000008c200000| PB 0x000000008c200000| Untracked |  0
| 195|0x000000008c300000, 0x000000008c300000, 0x000000008c400000|  0%| F|  |TAMS 0x000000008c300000| PB 0x000000008c300000| Untracked |  0
| 196|0x000000008c400000, 0x000000008c400000, 0x000000008c500000|  0%| F|  |TAMS 0x000000008c400000| PB 0x000000008c400000| Untracked |  0
| 197|0x000000008c500000, 0x000000008c500000, 0x000000008c600000|  0%| F|  |TAMS 0x000000008c500000| PB 0x000000008c500000| Untracked |  0
| 198|0x000000008c600000, 0x000000008c600000, 0x000000008c700000|  0%| F|  |TAMS 0x000000008c600000| PB 0x000000008c600000| Untracked |  0
| 199|0x000000008c700000, 0x000000008c700000, 0x000000008c800000|  0%| F|  |TAMS 0x000000008c700000| PB 0x000000008c700000| Untracked |  0
| 200|0x000000008c800000, 0x000000008c800000, 0x000000008c900000|  0%| F|  |TAMS 0x000000008c800000| PB 0x000000008c800000| Untracked |  0
| 201|0x000000008c900000, 0x000000008c900000, 0x000000008ca00000|  0%| F|  |TAMS 0x000000008c900000| PB 0x000000008c900000| Untracked |  0
| 202|0x000000008ca00000, 0x000000008ca00000, 0x000000008cb00000|  0%| F|  |TAMS 0x000000008ca00000| PB 0x000000008ca00000| Untracked |  0
| 203|0x000000008cb00000, 0x000000008cb00000, 0x000000008cc00000|  0%| F|  |TAMS 0x000000008cb00000| PB 0x000000008cb00000| Untracked |  0
| 204|0x000000008cc00000, 0x000000008cc00000, 0x000000008cd00000|  0%| F|  |TAMS 0x000000008cc00000| PB 0x000000008cc00000| Untracked |  0
| 205|0x000000008cd00000, 0x000000008cd00000, 0x000000008ce00000|  0%| F|  |TAMS 0x000000008cd00000| PB 0x000000008cd00000| Untracked |  0
| 206|0x000000008ce00000, 0x000000008ce00000, 0x000000008cf00000|  0%| F|  |TAMS 0x000000008ce00000| PB 0x000000008ce00000| Untracked |  0
| 207|0x000000008cf00000, 0x000000008cf00000, 0x000000008d000000|  0%| F|  |TAMS 0x000000008cf00000| PB 0x000000008cf00000| Untracked |  0
| 208|0x000000008d000000, 0x000000008d000000, 0x000000008d100000|  0%| F|  |TAMS 0x000000008d000000| PB 0x000000008d000000| Untracked |  0
| 209|0x000000008d100000, 0x000000008d100000, 0x000000008d200000|  0%| F|  |TAMS 0x000000008d100000| PB 0x000000008d100000| Untracked |  0
| 210|0x000000008d200000, 0x000000008d200000, 0x000000008d300000|  0%| F|  |TAMS 0x000000008d200000| PB 0x000000008d200000| Untracked |  0
| 211|0x000000008d300000, 0x000000008d300000, 0x000000008d400000|  0%| F|  |TAMS 0x000000008d300000| PB 0x000000008d300000| Untracked |  0
| 212|0x000000008d400000, 0x000000008d400000, 0x000000008d500000|  0%| F|  |TAMS 0x000000008d400000| PB 0x000000008d400000| Untracked |  0
| 213|0x000000008d500000, 0x000000008d500000, 0x000000008d600000|  0%| F|  |TAMS 0x000000008d500000| PB 0x000000008d500000| Untracked |  0
| 214|0x000000008d600000, 0x000000008d600000, 0x000000008d700000|  0%| F|  |TAMS 0x000000008d600000| PB 0x000000008d600000| Untracked |  0
| 215|0x000000008d700000, 0x000000008d700000, 0x000000008d800000|  0%| F|  |TAMS 0x000000008d700000| PB 0x000000008d700000| Untracked |  0
| 216|0x000000008d800000, 0x000000008d800000, 0x000000008d900000|  0%| F|  |TAMS 0x000000008d800000| PB 0x000000008d800000| Untracked |  0
| 217|0x000000008d900000, 0x000000008d900000, 0x000000008da00000|  0%| F|  |TAMS 0x000000008d900000| PB 0x000000008d900000| Untracked |  0
| 218|0x000000008da00000, 0x000000008da00000, 0x000000008db00000|  0%| F|  |TAMS 0x000000008da00000| PB 0x000000008da00000| Untracked |  0
| 219|0x000000008db00000, 0x000000008db00000, 0x000000008dc00000|  0%| F|  |TAMS 0x000000008db00000| PB 0x000000008db00000| Untracked |  0
| 220|0x000000008dc00000, 0x000000008dc00000, 0x000000008dd00000|  0%| F|  |TAMS 0x000000008dc00000| PB 0x000000008dc00000| Untracked |  0
| 221|0x000000008dd00000, 0x000000008dd00000, 0x000000008de00000|  0%| F|  |TAMS 0x000000008dd00000| PB 0x000000008dd00000| Untracked |  0
| 222|0x000000008de00000, 0x000000008de00000, 0x000000008df00000|  0%| F|  |TAMS 0x000000008de00000| PB 0x000000008de00000| Untracked |  0
| 223|0x000000008df00000, 0x000000008df00000, 0x000000008e000000|  0%| F|  |TAMS 0x000000008df00000| PB 0x000000008df00000| Untracked |  0
| 224|0x000000008e000000, 0x000000008e000000, 0x000000008e100000|  0%| F|  |TAMS 0x000000008e000000| PB 0x000000008e000000| Untracked |  0
| 225|0x000000008e100000, 0x000000008e100000, 0x000000008e200000|  0%| F|  |TAMS 0x000000008e100000| PB 0x000000008e100000| Untracked |  0
| 226|0x000000008e200000, 0x000000008e200000, 0x000000008e300000|  0%| F|  |TAMS 0x000000008e200000| PB 0x000000008e200000| Untracked |  0
| 227|0x000000008e300000, 0x000000008e300000, 0x000000008e400000|  0%| F|  |TAMS 0x000000008e300000| PB 0x000000008e300000| Untracked |  0
| 228|0x000000008e400000, 0x000000008e400000, 0x000000008e500000|  0%| F|  |TAMS 0x000000008e400000| PB 0x000000008e400000| Untracked |  0
| 229|0x000000008e500000, 0x000000008e500000, 0x000000008e600000|  0%| F|  |TAMS 0x000000008e500000| PB 0x000000008e500000| Untracked |  0
| 230|0x000000008e600000, 0x000000008e600000, 0x000000008e700000|  0%| F|  |TAMS 0x000000008e600000| PB 0x000000008e600000| Untracked |  0
| 231|0x000000008e700000, 0x000000008e700000, 0x000000008e800000|  0%| F|  |TAMS 0x000000008e700000| PB 0x000000008e700000| Untracked |  0
| 232|0x000000008e800000, 0x000000008e800000, 0x000000008e900000|  0%| F|  |TAMS 0x000000008e800000| PB 0x000000008e800000| Untracked |  0
| 233|0x000000008e900000, 0x000000008e900000, 0x000000008ea00000|  0%| F|  |TAMS 0x000000008e900000| PB 0x000000008e900000| Untracked |  0
| 234|0x000000008ea00000, 0x000000008ea00000, 0x000000008eb00000|  0%| F|  |TAMS 0x000000008ea00000| PB 0x000000008ea00000| Untracked |  0
| 235|0x000000008eb00000, 0x000000008eb00000, 0x000000008ec00000|  0%| F|  |TAMS 0x000000008eb00000| PB 0x000000008eb00000| Untracked |  0
| 236|0x000000008ec00000, 0x000000008ec00000, 0x000000008ed00000|  0%| F|  |TAMS 0x000000008ec00000| PB 0x000000008ec00000| Untracked |  0
| 237|0x000000008ed00000, 0x000000008ed00000, 0x000000008ee00000|  0%| F|  |TAMS 0x000000008ed00000| PB 0x000000008ed00000| Untracked |  0
| 238|0x000000008ee00000, 0x000000008ee00000, 0x000000008ef00000|  0%| F|  |TAMS 0x000000008ee00000| PB 0x000000008ee00000| Untracked |  0
| 239|0x000000008ef00000, 0x000000008ef00000, 0x000000008f000000|  0%| F|  |TAMS 0x000000008ef00000| PB 0x000000008ef00000| Untracked |  0
| 240|0x000000008f000000, 0x000000008f000000, 0x000000008f100000|  0%| F|  |TAMS 0x000000008f000000| PB 0x000000008f000000| Untracked |  0
| 241|0x000000008f100000, 0x000000008f100000, 0x000000008f200000|  0%| F|  |TAMS 0x000000008f100000| PB 0x000000008f100000| Untracked |  0
| 242|0x000000008f200000, 0x000000008f200000, 0x000000008f300000|  0%| F|  |TAMS 0x000000008f200000| PB 0x000000008f200000| Untracked |  0
| 243|0x000000008f300000, 0x000000008f300000, 0x000000008f400000|  0%| F|  |TAMS 0x000000008f300000| PB 0x000000008f300000| Untracked |  0
| 244|0x000000008f400000, 0x000000008f400000, 0x000000008f500000|  0%| F|  |TAMS 0x000000008f400000| PB 0x000000008f400000| Untracked |  0
| 245|0x000000008f500000, 0x000000008f500000, 0x000000008f600000|  0%| F|  |TAMS 0x000000008f500000| PB 0x000000008f500000| Untracked |  0
| 246|0x000000008f600000, 0x000000008f600000, 0x000000008f700000|  0%| F|  |TAMS 0x000000008f600000| PB 0x000000008f600000| Untracked |  0
| 247|0x000000008f700000, 0x000000008f700000, 0x000000008f800000|  0%| F|  |TAMS 0x000000008f700000| PB 0x000000008f700000| Untracked |  0
| 248|0x000000008f800000, 0x000000008f800000, 0x000000008f900000|  0%| F|  |TAMS 0x000000008f800000| PB 0x000000008f800000| Untracked |  0
| 249|0x000000008f900000, 0x000000008f900000, 0x000000008fa00000|  0%| F|  |TAMS 0x000000008f900000| PB 0x000000008f900000| Untracked |  0
| 250|0x000000008fa00000, 0x000000008fa00000, 0x000000008fb00000|  0%| F|  |TAMS 0x000000008fa00000| PB 0x000000008fa00000| Untracked |  0
| 251|0x000000008fb00000, 0x000000008fb00000, 0x000000008fc00000|  0%| F|  |TAMS 0x000000008fb00000| PB 0x000000008fb00000| Untracked |  0
| 252|0x000000008fc00000, 0x000000008fc00000, 0x000000008fd00000|  0%| F|  |TAMS 0x000000008fc00000| PB 0x000000008fc00000| Untracked |  0
| 253|0x000000008fd00000, 0x000000008fd00000, 0x000000008fe00000|  0%| F|  |TAMS 0x000000008fd00000| PB 0x000000008fd00000| Untracked |  0
| 254|0x000000008fe00000, 0x000000008fe00000, 0x000000008ff00000|  0%| F|  |TAMS 0x000000008fe00000| PB 0x000000008fe00000| Untracked |  0
| 255|0x000000008ff00000, 0x000000008ff00000, 0x0000000090000000|  0%| F|  |TAMS 0x000000008ff00000| PB 0x000000008ff00000| Untracked |  0
| 256|0x0000000090000000, 0x0000000090000000, 0x0000000090100000|  0%| F|  |TAMS 0x0000000090000000| PB 0x0000000090000000| Untracked |  0
| 257|0x0000000090100000, 0x0000000090100000, 0x0000000090200000|  0%| F|  |TAMS 0x0000000090100000| PB 0x0000000090100000| Untracked |  0
| 258|0x0000000090200000, 0x0000000090200000, 0x0000000090300000|  0%| F|  |TAMS 0x0000000090200000| PB 0x0000000090200000| Untracked |  0
| 259|0x0000000090300000, 0x0000000090300000, 0x0000000090400000|  0%| F|  |TAMS 0x0000000090300000| PB 0x0000000090300000| Untracked |  0
| 260|0x0000000090400000, 0x0000000090400000, 0x0000000090500000|  0%| F|  |TAMS 0x0000000090400000| PB 0x0000000090400000| Untracked |  0
| 261|0x0000000090500000, 0x0000000090500000, 0x0000000090600000|  0%| F|  |TAMS 0x0000000090500000| PB 0x0000000090500000| Untracked |  0
| 262|0x0000000090600000, 0x0000000090600000, 0x0000000090700000|  0%| F|  |TAMS 0x0000000090600000| PB 0x0000000090600000| Untracked |  0
| 263|0x0000000090700000, 0x0000000090700000, 0x0000000090800000|  0%| F|  |TAMS 0x0000000090700000| PB 0x0000000090700000| Untracked |  0
| 264|0x0000000090800000, 0x0000000090800000, 0x0000000090900000|  0%| F|  |TAMS 0x0000000090800000| PB 0x0000000090800000| Untracked |  0
| 265|0x0000000090900000, 0x0000000090900000, 0x0000000090a00000|  0%| F|  |TAMS 0x0000000090900000| PB 0x0000000090900000| Untracked |  0
| 266|0x0000000090a00000, 0x0000000090a00000, 0x0000000090b00000|  0%| F|  |TAMS 0x0000000090a00000| PB 0x0000000090a00000| Untracked |  0
| 267|0x0000000090b00000, 0x0000000090b00000, 0x0000000090c00000|  0%| F|  |TAMS 0x0000000090b00000| PB 0x0000000090b00000| Untracked |  0
| 268|0x0000000090c00000, 0x0000000090c00000, 0x0000000090d00000|  0%| F|  |TAMS 0x0000000090c00000| PB 0x0000000090c00000| Untracked |  0
| 269|0x0000000090d00000, 0x0000000090d00000, 0x0000000090e00000|  0%| F|  |TAMS 0x0000000090d00000| PB 0x0000000090d00000| Untracked |  0
| 270|0x0000000090e00000, 0x0000000090e00000, 0x0000000090f00000|  0%| F|  |TAMS 0x0000000090e00000| PB 0x0000000090e00000| Untracked |  0
| 271|0x0000000090f00000, 0x0000000090f00000, 0x0000000091000000|  0%| F|  |TAMS 0x0000000090f00000| PB 0x0000000090f00000| Untracked |  0
| 272|0x0000000091000000, 0x0000000091000000, 0x0000000091100000|  0%| F|  |TAMS 0x0000000091000000| PB 0x0000000091000000| Untracked |  0
| 273|0x0000000091100000, 0x0000000091100000, 0x0000000091200000|  0%| F|  |TAMS 0x0000000091100000| PB 0x0000000091100000| Untracked |  0
| 274|0x0000000091200000, 0x0000000091200000, 0x0000000091300000|  0%| F|  |TAMS 0x0000000091200000| PB 0x0000000091200000| Untracked |  0
| 275|0x0000000091300000, 0x0000000091300000, 0x0000000091400000|  0%| F|  |TAMS 0x0000000091300000| PB 0x0000000091300000| Untracked |  0
| 276|0x0000000091400000, 0x0000000091400000, 0x0000000091500000|  0%| F|  |TAMS 0x0000000091400000| PB 0x0000000091400000| Untracked |  0
| 277|0x0000000091500000, 0x0000000091500000, 0x0000000091600000|  0%| F|  |TAMS 0x0000000091500000| PB 0x0000000091500000| Untracked |  0
| 278|0x0000000091600000, 0x0000000091600000, 0x0000000091700000|  0%| F|  |TAMS 0x0000000091600000| PB 0x0000000091600000| Untracked |  0
| 279|0x0000000091700000, 0x0000000091700000, 0x0000000091800000|  0%| F|  |TAMS 0x0000000091700000| PB 0x0000000091700000| Untracked |  0
| 280|0x0000000091800000, 0x0000000091800000, 0x0000000091900000|  0%| F|  |TAMS 0x0000000091800000| PB 0x0000000091800000| Untracked |  0
| 281|0x0000000091900000, 0x0000000091900000, 0x0000000091a00000|  0%| F|  |TAMS 0x0000000091900000| PB 0x0000000091900000| Untracked |  0
| 282|0x0000000091a00000, 0x0000000091a00000, 0x0000000091b00000|  0%| F|  |TAMS 0x0000000091a00000| PB 0x0000000091a00000| Untracked |  0
| 283|0x0000000091b00000, 0x0000000091b00000, 0x0000000091c00000|  0%| F|  |TAMS 0x0000000091b00000| PB 0x0000000091b00000| Untracked |  0
| 284|0x0000000091c00000, 0x0000000091c00000, 0x0000000091d00000|  0%| F|  |TAMS 0x0000000091c00000| PB 0x0000000091c00000| Untracked |  0
| 285|0x0000000091d00000, 0x0000000091d00000, 0x0000000091e00000|  0%| F|  |TAMS 0x0000000091d00000| PB 0x0000000091d00000| Untracked |  0
| 286|0x0000000091e00000, 0x0000000091e00000, 0x0000000091f00000|  0%| F|  |TAMS 0x0000000091e00000| PB 0x0000000091e00000| Untracked |  0
| 287|0x0000000091f00000, 0x0000000091f00000, 0x0000000092000000|  0%| F|  |TAMS 0x0000000091f00000| PB 0x0000000091f00000| Untracked |  0
| 288|0x0000000092000000, 0x0000000092000000, 0x0000000092100000|  0%| F|  |TAMS 0x0000000092000000| PB 0x0000000092000000| Untracked |  0
| 289|0x0000000092100000, 0x0000000092100000, 0x0000000092200000|  0%| F|  |TAMS 0x0000000092100000| PB 0x0000000092100000| Untracked |  0
| 290|0x0000000092200000, 0x0000000092200000, 0x0000000092300000|  0%| F|  |TAMS 0x0000000092200000| PB 0x0000000092200000| Untracked |  0
| 291|0x0000000092300000, 0x0000000092300000, 0x0000000092400000|  0%| F|  |TAMS 0x0000000092300000| PB 0x0000000092300000| Untracked |  0
| 292|0x0000000092400000, 0x0000000092400000, 0x0000000092500000|  0%| F|  |TAMS 0x0000000092400000| PB 0x0000000092400000| Untracked |  0
| 293|0x0000000092500000, 0x0000000092500000, 0x0000000092600000|  0%| F|  |TAMS 0x0000000092500000| PB 0x0000000092500000| Untracked |  0
| 294|0x0000000092600000, 0x0000000092600000, 0x0000000092700000|  0%| F|  |TAMS 0x0000000092600000| PB 0x0000000092600000| Untracked |  0
| 295|0x0000000092700000, 0x0000000092700000, 0x0000000092800000|  0%| F|  |TAMS 0x0000000092700000| PB 0x0000000092700000| Untracked |  0
| 296|0x0000000092800000, 0x0000000092800000, 0x0000000092900000|  0%| F|  |TAMS 0x0000000092800000| PB 0x0000000092800000| Untracked |  0
| 297|0x0000000092900000, 0x0000000092900000, 0x0000000092a00000|  0%| F|  |TAMS 0x0000000092900000| PB 0x0000000092900000| Untracked |  0
| 298|0x0000000092a00000, 0x0000000092a00000, 0x0000000092b00000|  0%| F|  |TAMS 0x0000000092a00000| PB 0x0000000092a00000| Untracked |  0
| 299|0x0000000092b00000, 0x0000000092b00000, 0x0000000092c00000|  0%| F|  |TAMS 0x0000000092b00000| PB 0x0000000092b00000| Untracked |  0
| 300|0x0000000092c00000, 0x0000000092c00000, 0x0000000092d00000|  0%| F|  |TAMS 0x0000000092c00000| PB 0x0000000092c00000| Untracked |  0
| 301|0x0000000092d00000, 0x0000000092d00000, 0x0000000092e00000|  0%| F|  |TAMS 0x0000000092d00000| PB 0x0000000092d00000| Untracked |  0
| 302|0x0000000092e00000, 0x0000000092e00000, 0x0000000092f00000|  0%| F|  |TAMS 0x0000000092e00000| PB 0x0000000092e00000| Untracked |  0
| 303|0x0000000092f00000, 0x0000000092f00000, 0x0000000093000000|  0%| F|  |TAMS 0x0000000092f00000| PB 0x0000000092f00000| Untracked |  0
| 304|0x0000000093000000, 0x0000000093000000, 0x0000000093100000|  0%| F|  |TAMS 0x0000000093000000| PB 0x0000000093000000| Untracked |  0
| 305|0x0000000093100000, 0x0000000093100000, 0x0000000093200000|  0%| F|  |TAMS 0x0000000093100000| PB 0x0000000093100000| Untracked |  0
| 306|0x0000000093200000, 0x0000000093200000, 0x0000000093300000|  0%| F|  |TAMS 0x0000000093200000| PB 0x0000000093200000| Untracked |  0
| 307|0x0000000093300000, 0x0000000093300000, 0x0000000093400000|  0%| F|  |TAMS 0x0000000093300000| PB 0x0000000093300000| Untracked |  0
| 308|0x0000000093400000, 0x0000000093400000, 0x0000000093500000|  0%| F|  |TAMS 0x0000000093400000| PB 0x0000000093400000| Untracked |  0
| 309|0x0000000093500000, 0x0000000093500000, 0x0000000093600000|  0%| F|  |TAMS 0x0000000093500000| PB 0x0000000093500000| Untracked |  0
| 310|0x0000000093600000, 0x0000000093600000, 0x0000000093700000|  0%| F|  |TAMS 0x0000000093600000| PB 0x0000000093600000| Untracked |  0
| 311|0x0000000093700000, 0x0000000093700000, 0x0000000093800000|  0%| F|  |TAMS 0x0000000093700000| PB 0x0000000093700000| Untracked |  0
| 312|0x0000000093800000, 0x0000000093800000, 0x0000000093900000|  0%| F|  |TAMS 0x0000000093800000| PB 0x0000000093800000| Untracked |  0
| 313|0x0000000093900000, 0x0000000093900000, 0x0000000093a00000|  0%| F|  |TAMS 0x0000000093900000| PB 0x0000000093900000| Untracked |  0
| 314|0x0000000093a00000, 0x0000000093a00000, 0x0000000093b00000|  0%| F|  |TAMS 0x0000000093a00000| PB 0x0000000093a00000| Untracked |  0
| 315|0x0000000093b00000, 0x0000000093b00000, 0x0000000093c00000|  0%| F|  |TAMS 0x0000000093b00000| PB 0x0000000093b00000| Untracked |  0
| 316|0x0000000093c00000, 0x0000000093c00000, 0x0000000093d00000|  0%| F|  |TAMS 0x0000000093c00000| PB 0x0000000093c00000| Untracked |  0
| 317|0x0000000093d00000, 0x0000000093d00000, 0x0000000093e00000|  0%| F|  |TAMS 0x0000000093d00000| PB 0x0000000093d00000| Untracked |  0
| 318|0x0000000093e00000, 0x0000000093e00000, 0x0000000093f00000|  0%| F|  |TAMS 0x0000000093e00000| PB 0x0000000093e00000| Untracked |  0
| 319|0x0000000093f00000, 0x0000000093f00000, 0x0000000094000000|  0%| F|  |TAMS 0x0000000093f00000| PB 0x0000000093f00000| Untracked |  0
| 320|0x0000000094000000, 0x0000000094000000, 0x0000000094100000|  0%| F|  |TAMS 0x0000000094000000| PB 0x0000000094000000| Untracked |  0
| 321|0x0000000094100000, 0x0000000094100000, 0x0000000094200000|  0%| F|  |TAMS 0x0000000094100000| PB 0x0000000094100000| Untracked |  0
| 322|0x0000000094200000, 0x0000000094200000, 0x0000000094300000|  0%| F|  |TAMS 0x0000000094200000| PB 0x0000000094200000| Untracked |  0
| 323|0x0000000094300000, 0x0000000094300000, 0x0000000094400000|  0%| F|  |TAMS 0x0000000094300000| PB 0x0000000094300000| Untracked |  0
| 324|0x0000000094400000, 0x0000000094400000, 0x0000000094500000|  0%| F|  |TAMS 0x0000000094400000| PB 0x0000000094400000| Untracked |  0
| 325|0x0000000094500000, 0x0000000094500000, 0x0000000094600000|  0%| F|  |TAMS 0x0000000094500000| PB 0x0000000094500000| Untracked |  0
| 326|0x0000000094600000, 0x0000000094600000, 0x0000000094700000|  0%| F|  |TAMS 0x0000000094600000| PB 0x0000000094600000| Untracked |  0
| 327|0x0000000094700000, 0x0000000094700000, 0x0000000094800000|  0%| F|  |TAMS 0x0000000094700000| PB 0x0000000094700000| Untracked |  0
| 328|0x0000000094800000, 0x0000000094800000, 0x0000000094900000|  0%| F|  |TAMS 0x0000000094800000| PB 0x0000000094800000| Untracked |  0
| 329|0x0000000094900000, 0x0000000094900000, 0x0000000094a00000|  0%| F|  |TAMS 0x0000000094900000| PB 0x0000000094900000| Untracked |  0
| 330|0x0000000094a00000, 0x0000000094a00000, 0x0000000094b00000|  0%| F|  |TAMS 0x0000000094a00000| PB 0x0000000094a00000| Untracked |  0
| 331|0x0000000094b00000, 0x0000000094b00000, 0x0000000094c00000|  0%| F|  |TAMS 0x0000000094b00000| PB 0x0000000094b00000| Untracked |  0
| 332|0x0000000094c00000, 0x0000000094c00000, 0x0000000094d00000|  0%| F|  |TAMS 0x0000000094c00000| PB 0x0000000094c00000| Untracked |  0
| 333|0x0000000094d00000, 0x0000000094d00000, 0x0000000094e00000|  0%| F|  |TAMS 0x0000000094d00000| PB 0x0000000094d00000| Untracked |  0
| 334|0x0000000094e00000, 0x0000000094e00000, 0x0000000094f00000|  0%| F|  |TAMS 0x0000000094e00000| PB 0x0000000094e00000| Untracked |  0
| 335|0x0000000094f00000, 0x0000000094f00000, 0x0000000095000000|  0%| F|  |TAMS 0x0000000094f00000| PB 0x0000000094f00000| Untracked |  0
| 336|0x0000000095000000, 0x0000000095000000, 0x0000000095100000|  0%| F|  |TAMS 0x0000000095000000| PB 0x0000000095000000| Untracked |  0
| 337|0x0000000095100000, 0x0000000095100000, 0x0000000095200000|  0%| F|  |TAMS 0x0000000095100000| PB 0x0000000095100000| Untracked |  0
| 338|0x0000000095200000, 0x0000000095200000, 0x0000000095300000|  0%| F|  |TAMS 0x0000000095200000| PB 0x0000000095200000| Untracked |  0
| 339|0x0000000095300000, 0x0000000095300000, 0x0000000095400000|  0%| F|  |TAMS 0x0000000095300000| PB 0x0000000095300000| Untracked |  0
| 340|0x0000000095400000, 0x0000000095400000, 0x0000000095500000|  0%| F|  |TAMS 0x0000000095400000| PB 0x0000000095400000| Untracked |  0
| 341|0x0000000095500000, 0x0000000095500000, 0x0000000095600000|  0%| F|  |TAMS 0x0000000095500000| PB 0x0000000095500000| Untracked |  0
| 342|0x0000000095600000, 0x0000000095600000, 0x0000000095700000|  0%| F|  |TAMS 0x0000000095600000| PB 0x0000000095600000| Untracked |  0
| 343|0x0000000095700000, 0x0000000095700000, 0x0000000095800000|  0%| F|  |TAMS 0x0000000095700000| PB 0x0000000095700000| Untracked |  0
| 344|0x0000000095800000, 0x0000000095800000, 0x0000000095900000|  0%| F|  |TAMS 0x0000000095800000| PB 0x0000000095800000| Untracked |  0
| 345|0x0000000095900000, 0x0000000095900000, 0x0000000095a00000|  0%| F|  |TAMS 0x0000000095900000| PB 0x0000000095900000| Untracked |  0
| 346|0x0000000095a00000, 0x0000000095a00000, 0x0000000095b00000|  0%| F|  |TAMS 0x0000000095a00000| PB 0x0000000095a00000| Untracked |  0
| 347|0x0000000095b00000, 0x0000000095b00000, 0x0000000095c00000|  0%| F|  |TAMS 0x0000000095b00000| PB 0x0000000095b00000| Untracked |  0
| 348|0x0000000095c00000, 0x0000000095c00000, 0x0000000095d00000|  0%| F|  |TAMS 0x0000000095c00000| PB 0x0000000095c00000| Untracked |  0
| 349|0x0000000095d00000, 0x0000000095d00000, 0x0000000095e00000|  0%| F|  |TAMS 0x0000000095d00000| PB 0x0000000095d00000| Untracked |  0
| 350|0x0000000095e00000, 0x0000000095e00000, 0x0000000095f00000|  0%| F|  |TAMS 0x0000000095e00000| PB 0x0000000095e00000| Untracked |  0
| 351|0x0000000095f00000, 0x0000000095f00000, 0x0000000096000000|  0%| F|  |TAMS 0x0000000095f00000| PB 0x0000000095f00000| Untracked |  0
| 352|0x0000000096000000, 0x0000000096000000, 0x0000000096100000|  0%| F|  |TAMS 0x0000000096000000| PB 0x0000000096000000| Untracked |  0
| 353|0x0000000096100000, 0x0000000096100000, 0x0000000096200000|  0%| F|  |TAMS 0x0000000096100000| PB 0x0000000096100000| Untracked |  0
| 354|0x0000000096200000, 0x0000000096200000, 0x0000000096300000|  0%| F|  |TAMS 0x0000000096200000| PB 0x0000000096200000| Untracked |  0
| 355|0x0000000096300000, 0x0000000096300000, 0x0000000096400000|  0%| F|  |TAMS 0x0000000096300000| PB 0x0000000096300000| Untracked |  0
| 356|0x0000000096400000, 0x0000000096400000, 0x0000000096500000|  0%| F|  |TAMS 0x0000000096400000| PB 0x0000000096400000| Untracked |  0
| 357|0x0000000096500000, 0x0000000096500000, 0x0000000096600000|  0%| F|  |TAMS 0x0000000096500000| PB 0x0000000096500000| Untracked |  0
| 358|0x0000000096600000, 0x0000000096600000, 0x0000000096700000|  0%| F|  |TAMS 0x0000000096600000| PB 0x0000000096600000| Untracked |  0
| 359|0x0000000096700000, 0x0000000096700000, 0x0000000096800000|  0%| F|  |TAMS 0x0000000096700000| PB 0x0000000096700000| Untracked |  0
| 360|0x0000000096800000, 0x0000000096800000, 0x0000000096900000|  0%| F|  |TAMS 0x0000000096800000| PB 0x0000000096800000| Untracked |  0
| 361|0x0000000096900000, 0x0000000096900000, 0x0000000096a00000|  0%| F|  |TAMS 0x0000000096900000| PB 0x0000000096900000| Untracked |  0
| 362|0x0000000096a00000, 0x0000000096a00000, 0x0000000096b00000|  0%| F|  |TAMS 0x0000000096a00000| PB 0x0000000096a00000| Untracked |  0
| 363|0x0000000096b00000, 0x0000000096b00000, 0x0000000096c00000|  0%| F|  |TAMS 0x0000000096b00000| PB 0x0000000096b00000| Untracked |  0
| 364|0x0000000096c00000, 0x0000000096c00000, 0x0000000096d00000|  0%| F|  |TAMS 0x0000000096c00000| PB 0x0000000096c00000| Untracked |  0
| 365|0x0000000096d00000, 0x0000000096d00000, 0x0000000096e00000|  0%| F|  |TAMS 0x0000000096d00000| PB 0x0000000096d00000| Untracked |  0
| 366|0x0000000096e00000, 0x0000000096e00000, 0x0000000096f00000|  0%| F|  |TAMS 0x0000000096e00000| PB 0x0000000096e00000| Untracked |  0
| 367|0x0000000096f00000, 0x0000000096f00000, 0x0000000097000000|  0%| F|  |TAMS 0x0000000096f00000| PB 0x0000000096f00000| Untracked |  0
| 368|0x0000000097000000, 0x0000000097000000, 0x0000000097100000|  0%| F|  |TAMS 0x0000000097000000| PB 0x0000000097000000| Untracked |  0
| 369|0x0000000097100000, 0x0000000097100000, 0x0000000097200000|  0%| F|  |TAMS 0x0000000097100000| PB 0x0000000097100000| Untracked |  0
| 370|0x0000000097200000, 0x0000000097200000, 0x0000000097300000|  0%| F|  |TAMS 0x0000000097200000| PB 0x0000000097200000| Untracked |  0
| 371|0x0000000097300000, 0x0000000097300000, 0x0000000097400000|  0%| F|  |TAMS 0x0000000097300000| PB 0x0000000097300000| Untracked |  0
| 372|0x0000000097400000, 0x0000000097400000, 0x0000000097500000|  0%| F|  |TAMS 0x0000000097400000| PB 0x0000000097400000| Untracked |  0
| 373|0x0000000097500000, 0x0000000097500000, 0x0000000097600000|  0%| F|  |TAMS 0x0000000097500000| PB 0x0000000097500000| Untracked |  0
| 374|0x0000000097600000, 0x0000000097600000, 0x0000000097700000|  0%| F|  |TAMS 0x0000000097600000| PB 0x0000000097600000| Untracked |  0
| 375|0x0000000097700000, 0x0000000097700000, 0x0000000097800000|  0%| F|  |TAMS 0x0000000097700000| PB 0x0000000097700000| Untracked |  0
| 376|0x0000000097800000, 0x0000000097800000, 0x0000000097900000|  0%| F|  |TAMS 0x0000000097800000| PB 0x0000000097800000| Untracked |  0
| 377|0x0000000097900000, 0x0000000097900000, 0x0000000097a00000|  0%| F|  |TAMS 0x0000000097900000| PB 0x0000000097900000| Untracked |  0
| 378|0x0000000097a00000, 0x0000000097a00000, 0x0000000097b00000|  0%| F|  |TAMS 0x0000000097a00000| PB 0x0000000097a00000| Untracked |  0
| 379|0x0000000097b00000, 0x0000000097b00000, 0x0000000097c00000|  0%| F|  |TAMS 0x0000000097b00000| PB 0x0000000097b00000| Untracked |  0
| 380|0x0000000097c00000, 0x0000000097c00000, 0x0000000097d00000|  0%| F|  |TAMS 0x0000000097c00000| PB 0x0000000097c00000| Untracked |  0
| 381|0x0000000097d00000, 0x0000000097d00000, 0x0000000097e00000|  0%| F|  |TAMS 0x0000000097d00000| PB 0x0000000097d00000| Untracked |  0
| 382|0x0000000097e00000, 0x0000000097e00000, 0x0000000097f00000|  0%| F|  |TAMS 0x0000000097e00000| PB 0x0000000097e00000| Untracked |  0
| 383|0x0000000097f00000, 0x0000000097f00000, 0x0000000098000000|  0%| F|  |TAMS 0x0000000097f00000| PB 0x0000000097f00000| Untracked |  0
| 384|0x0000000098000000, 0x0000000098000000, 0x0000000098100000|  0%| F|  |TAMS 0x0000000098000000| PB 0x0000000098000000| Untracked |  0
| 385|0x0000000098100000, 0x0000000098100000, 0x0000000098200000|  0%| F|  |TAMS 0x0000000098100000| PB 0x0000000098100000| Untracked |  0
| 386|0x0000000098200000, 0x0000000098200000, 0x0000000098300000|  0%| F|  |TAMS 0x0000000098200000| PB 0x0000000098200000| Untracked |  0
| 387|0x0000000098300000, 0x0000000098300000, 0x0000000098400000|  0%| F|  |TAMS 0x0000000098300000| PB 0x0000000098300000| Untracked |  0
| 388|0x0000000098400000, 0x0000000098400000, 0x0000000098500000|  0%| F|  |TAMS 0x0000000098400000| PB 0x0000000098400000| Untracked |  0
| 389|0x0000000098500000, 0x0000000098500000, 0x0000000098600000|  0%| F|  |TAMS 0x0000000098500000| PB 0x0000000098500000| Untracked |  0
| 390|0x0000000098600000, 0x0000000098600000, 0x0000000098700000|  0%| F|  |TAMS 0x0000000098600000| PB 0x0000000098600000| Untracked |  0
| 391|0x0000000098700000, 0x0000000098700000, 0x0000000098800000|  0%| F|  |TAMS 0x0000000098700000| PB 0x0000000098700000| Untracked |  0
| 392|0x0000000098800000, 0x0000000098800000, 0x0000000098900000|  0%| F|  |TAMS 0x0000000098800000| PB 0x0000000098800000| Untracked |  0
| 393|0x0000000098900000, 0x0000000098900000, 0x0000000098a00000|  0%| F|  |TAMS 0x0000000098900000| PB 0x0000000098900000| Untracked |  0
| 394|0x0000000098a00000, 0x0000000098a00000, 0x0000000098b00000|  0%| F|  |TAMS 0x0000000098a00000| PB 0x0000000098a00000| Untracked |  0
| 395|0x0000000098b00000, 0x0000000098b00000, 0x0000000098c00000|  0%| F|  |TAMS 0x0000000098b00000| PB 0x0000000098b00000| Untracked |  0
| 396|0x0000000098c00000, 0x0000000098c00000, 0x0000000098d00000|  0%| F|  |TAMS 0x0000000098c00000| PB 0x0000000098c00000| Untracked |  0
| 397|0x0000000098d00000, 0x0000000098d00000, 0x0000000098e00000|  0%| F|  |TAMS 0x0000000098d00000| PB 0x0000000098d00000| Untracked |  0
| 398|0x0000000098e00000, 0x0000000098e00000, 0x0000000098f00000|  0%| F|  |TAMS 0x0000000098e00000| PB 0x0000000098e00000| Untracked |  0
| 399|0x0000000098f00000, 0x0000000098f00000, 0x0000000099000000|  0%| F|  |TAMS 0x0000000098f00000| PB 0x0000000098f00000| Untracked |  0
| 400|0x0000000099000000, 0x0000000099000000, 0x0000000099100000|  0%| F|  |TAMS 0x0000000099000000| PB 0x0000000099000000| Untracked |  0
| 401|0x0000000099100000, 0x0000000099100000, 0x0000000099200000|  0%| F|  |TAMS 0x0000000099100000| PB 0x0000000099100000| Untracked |  0
| 402|0x0000000099200000, 0x0000000099200000, 0x0000000099300000|  0%| F|  |TAMS 0x0000000099200000| PB 0x0000000099200000| Untracked |  0
| 403|0x0000000099300000, 0x0000000099300000, 0x0000000099400000|  0%| F|  |TAMS 0x0000000099300000| PB 0x0000000099300000| Untracked |  0
| 404|0x0000000099400000, 0x0000000099400000, 0x0000000099500000|  0%| F|  |TAMS 0x0000000099400000| PB 0x0000000099400000| Untracked |  0
| 405|0x0000000099500000, 0x0000000099500000, 0x0000000099600000|  0%| F|  |TAMS 0x0000000099500000| PB 0x0000000099500000| Untracked |  0
| 406|0x0000000099600000, 0x0000000099600000, 0x0000000099700000|  0%| F|  |TAMS 0x0000000099600000| PB 0x0000000099600000| Untracked |  0
| 407|0x0000000099700000, 0x0000000099700000, 0x0000000099800000|  0%| F|  |TAMS 0x0000000099700000| PB 0x0000000099700000| Untracked |  0
| 408|0x0000000099800000, 0x0000000099800000, 0x0000000099900000|  0%| F|  |TAMS 0x0000000099800000| PB 0x0000000099800000| Untracked |  0
| 409|0x0000000099900000, 0x0000000099900000, 0x0000000099a00000|  0%| F|  |TAMS 0x0000000099900000| PB 0x0000000099900000| Untracked |  0
| 410|0x0000000099a00000, 0x0000000099a00000, 0x0000000099b00000|  0%| F|  |TAMS 0x0000000099a00000| PB 0x0000000099a00000| Untracked |  0
| 411|0x0000000099b00000, 0x0000000099b00000, 0x0000000099c00000|  0%| F|  |TAMS 0x0000000099b00000| PB 0x0000000099b00000| Untracked |  0
| 412|0x0000000099c00000, 0x0000000099c00000, 0x0000000099d00000|  0%| F|  |TAMS 0x0000000099c00000| PB 0x0000000099c00000| Untracked |  0
| 413|0x0000000099d00000, 0x0000000099d00000, 0x0000000099e00000|  0%| F|  |TAMS 0x0000000099d00000| PB 0x0000000099d00000| Untracked |  0
| 414|0x0000000099e00000, 0x0000000099e00000, 0x0000000099f00000|  0%| F|  |TAMS 0x0000000099e00000| PB 0x0000000099e00000| Untracked |  0
| 415|0x0000000099f00000, 0x0000000099f00000, 0x000000009a000000|  0%| F|  |TAMS 0x0000000099f00000| PB 0x0000000099f00000| Untracked |  0
| 416|0x000000009a000000, 0x000000009a000000, 0x000000009a100000|  0%| F|  |TAMS 0x000000009a000000| PB 0x000000009a000000| Untracked |  0
| 417|0x000000009a100000, 0x000000009a100000, 0x000000009a200000|  0%| F|  |TAMS 0x000000009a100000| PB 0x000000009a100000| Untracked |  0
|2024|0x00000000fe800000, 0x00000000fe900000, 0x00000000fe900000|100%| O|  |TAMS 0x00000000fe800000| PB 0x00000000fe800000| Untracked |  0
|2025|0x00000000fe900000, 0x00000000fe900000, 0x00000000fea00000|  0%| F|  |TAMS 0x00000000fe900000| PB 0x00000000fe900000| Untracked |  0
|2036|0x00000000ff400000, 0x00000000ff400000, 0x00000000ff500000|  0%| F|  |TAMS 0x00000000ff400000| PB 0x00000000ff400000| Untracked |  0
|2037|0x00000000ff500000, 0x00000000ff500000, 0x00000000ff600000|  0%| F|  |TAMS 0x00000000ff500000| PB 0x00000000ff500000| Untracked |  0
|2038|0x00000000ff600000, 0x00000000ff600000, 0x00000000ff700000|  0%| F|  |TAMS 0x00000000ff600000| PB 0x00000000ff600000| Untracked |  0
|2039|0x00000000ff700000, 0x00000000ff800000, 0x00000000ff800000|100%| O|  |TAMS 0x00000000ff700000| PB 0x00000000ff700000| Untracked |  0
|2040|0x00000000ff800000, 0x00000000ff900000, 0x00000000ff900000|100%| O|  |TAMS 0x00000000ff800000| PB 0x00000000ff800000| Untracked |  0
|2041|0x00000000ff900000, 0x00000000ffa00000, 0x00000000ffa00000|100%| O|  |TAMS 0x00000000ff900000| PB 0x00000000ff900000| Untracked |  0
|2042|0x00000000ffa00000, 0x00000000ffb00000, 0x00000000ffb00000|100%| O|  |TAMS 0x00000000ffa00000| PB 0x00000000ffa00000| Untracked |  0
|2043|0x00000000ffb00000, 0x00000000ffc00000, 0x00000000ffc00000|100%| O|  |TAMS 0x00000000ffb00000| PB 0x00000000ffb00000| Untracked |  0
|2044|0x00000000ffc00000, 0x00000000ffd00000, 0x00000000ffd00000|100%| O|  |TAMS 0x00000000ffc00000| PB 0x00000000ffc00000| Untracked |  0
|2045|0x00000000ffd00000, 0x00000000ffe00000, 0x00000000ffe00000|100%| O|  |TAMS 0x00000000ffd00000| PB 0x00000000ffd00000| Untracked |  0
|2046|0x00000000ffe00000, 0x00000000fff00000, 0x00000000fff00000|100%| O|  |TAMS 0x00000000ffe00000| PB 0x00000000ffe00000| Untracked |  0
|2047|0x00000000fff00000, 0x0000000100000000, 0x0000000100000000|100%| O|  |TAMS 0x00000000fff00000| PB 0x00000000fff00000| Untracked |  0

Card table byte_map: [0x0000021efca90000,0x0000021efce90000] _byte_map_base: 0x0000021efc690000

Marking Bits: (CMBitMap*) 0x0000021ee3e4d460
 Bits: [0x0000021efce90000, 0x0000021efee90000)

Polling page: 0x0000021ee1ce0000

Metaspace:

Usage:
  Non-class:     73.13 MB used.
      Class:     11.77 MB used.
       Both:     84.90 MB used.

Virtual space:
  Non-class space:      128.00 MB reserved,      74.25 MB ( 58%) committed,  2 nodes.
      Class space:      416.00 MB reserved,      12.81 MB (  3%) committed,  1 nodes.
             Both:      544.00 MB reserved,      87.06 MB ( 16%) committed. 

Chunk freelists:
   Non-Class:  5.80 MB
       Class:  3.25 MB
        Both:  9.04 MB

MaxMetaspaceSize: 512.00 MB
CompressedClassSpaceSize: 416.00 MB
Initial GC threshold: 21.00 MB
Current GC threshold: 145.00 MB
CDS: on
 - commit_granule_bytes: 65536.
 - commit_granule_words: 8192.
 - virtual_space_node_default_size: 8388608.
 - enlarge_chunks_in_place: 1.
 - use_allocation_guard: 0.


Internal statistics:

num_allocs_failed_limit: 12.
num_arena_births: 3836.
num_arena_deaths: 4.
num_vsnodes_births: 3.
num_vsnodes_deaths: 0.
num_space_committed: 1393.
num_space_uncommitted: 0.
num_chunks_returned_to_freelist: 18.
num_chunks_taken_from_freelist: 7536.
num_chunk_merges: 12.
num_chunk_splits: 4944.
num_chunks_enlarged: 3112.
num_inconsistent_stats: 0.

CodeHeap 'non-profiled nmethods': size=128192Kb used=9124Kb max_used=9828Kb free=119067Kb
 bounds [0x0000021ef4410000, 0x0000021ef4e00000, 0x0000021efc140000]
CodeHeap 'profiled nmethods': size=128192Kb used=19907Kb max_used=25088Kb free=108284Kb
 bounds [0x0000021eec140000, 0x0000021eeda30000, 0x0000021ef3e70000]
CodeHeap 'non-nmethods': size=5760Kb used=2204Kb max_used=2250Kb free=3555Kb
 bounds [0x0000021ef3e70000, 0x0000021ef40e0000, 0x0000021ef4410000]
 total_blobs=11346 nmethods=10477 adapters=771
 compilation: enabled
              stopped_count=0, restarted_count=0
 full_count=0

Compilation events (20 events):
Event: 59.837 Thread 0x0000021e9d08ebc0 17105       3       org.gradle.internal.classpath.transforms.LambdaSerializationTransformer::visitStaticPrivateMethod (14 bytes)
Event: 59.837 Thread 0x0000021e9d08ebc0 nmethod 17105 0x0000021eec5d8490 code [0x0000021eec5d8640, 0x0000021eec5d87b0]
Event: 59.839 Thread 0x0000021e9d08ebc0 17107       3       java.util.Formatter$FormatSpecifier::leadingSign (80 bytes)
Event: 59.840 Thread 0x0000021e9d08ebc0 nmethod 17107 0x0000021eece68690 code [0x0000021eece688c0, 0x0000021eece68f90]
Event: 59.840 Thread 0x0000021e9d08ebc0 17108       3       java.util.Formatter$FormatSpecifier::localizedMagnitude (381 bytes)
Event: 59.842 Thread 0x0000021e9d08ebc0 nmethod 17108 0x0000021eed21e090 code [0x0000021eed21e4c0, 0x0000021eed220158]
Event: 59.846 Thread 0x0000021e9d08ebc0 17109       3       org.objectweb.asm.AnnotationWriter::visitEnum (63 bytes)
Event: 59.846 Thread 0x0000021e9d08ebc0 nmethod 17109 0x0000021eec563d90 code [0x0000021eec563f80, 0x0000021eec5642a8]
Event: 59.857 Thread 0x0000021e9d08ebc0 17110       2       java.util.Collections$SingletonSet::spliterator (8 bytes)
Event: 59.857 Thread 0x0000021e9d08ebc0 nmethod 17110 0x0000021eec857890 code [0x0000021eec857a20, 0x0000021eec857be0]
Event: 59.879 Thread 0x0000021e9d08ebc0 17112   !   2       org.gradle.cache.internal.DefaultFileLockManager$DefaultFileLock::lock (256 bytes)
Event: 59.883 Thread 0x0000021e9d08ebc0 nmethod 17112 0x0000021eec205490 code [0x0000021eec2058e0, 0x0000021eec206b40]
Event: 59.913 Thread 0x0000021e9d08ebc0 17113       3       java.util.Formatter$FormatSpecifier::printInteger (137 bytes)
Event: 59.914 Thread 0x0000021e9d08ebc0 nmethod 17113 0x0000021eec487a10 code [0x0000021eec487ca0, 0x0000021eec488b30]
Event: 59.917 Thread 0x0000021e9d08ebc0 17115       3       java.util.Formatter::getDecimalFormatSymbols (32 bytes)
Event: 59.918 Thread 0x0000021e9d08ebc0 nmethod 17115 0x0000021eec6fd090 code [0x0000021eec6fd260, 0x0000021eec6fd4e8]
Event: 59.953 Thread 0x0000021ea64c66c0 nmethod 17094 0x0000021ef48cda10 code [0x0000021ef48ce240, 0x0000021ef48d2568]
Event: 59.953 Thread 0x0000021e9d08ebc0 17116       2       org.objectweb.asm.MethodVisitor::visitMultiANewArrayInsn (17 bytes)
Event: 59.954 Thread 0x0000021e9d08ebc0 nmethod 17116 0x0000021eec6baa90 code [0x0000021eec6bac40, 0x0000021eec6bad80]
Event: 59.954 Thread 0x0000021ea64c66c0 17106       4       org.objectweb.asm.MethodWriter::visitFrame (811 bytes)

GC Heap History (20 events):
Event: 58.078 GC heap after
{Heap after GC invocations=61 (full 0):
 garbage-first heap   total reserved 2097152K, committed 372736K, used 130230K [0x0000000080000000, 0x0000000100000000)
  region size 1024K, 9 young (9216K), 9 survivors (9216K)
 Metaspace       used 86665K, committed 88896K, reserved 557056K
  class space    used 12049K, committed 13120K, reserved 425984K
}
Event: 58.319 GC heap before
{Heap before GC invocations=62 (full 0):
 garbage-first heap   total reserved 2097152K, committed 372736K, used 342198K [0x0000000080000000, 0x0000000100000000)
  region size 1024K, 216 young (221184K), 9 survivors (9216K)
 Metaspace       used 86739K, committed 88960K, reserved 557056K
  class space    used 12049K, committed 13120K, reserved 425984K
}
Event: 58.325 GC heap after
{Heap after GC invocations=63 (full 0):
 garbage-first heap   total reserved 2097152K, committed 372736K, used 134234K [0x0000000080000000, 0x0000000100000000)
  region size 1024K, 11 young (11264K), 11 survivors (11264K)
 Metaspace       used 86739K, committed 88960K, reserved 557056K
  class space    used 12049K, committed 13120K, reserved 425984K
}
Event: 58.532 GC heap before
{Heap before GC invocations=63 (full 0):
 garbage-first heap   total reserved 2097152K, committed 372736K, used 340058K [0x0000000080000000, 0x0000000100000000)
  region size 1024K, 213 young (218112K), 11 survivors (11264K)
 Metaspace       used 86793K, committed 89024K, reserved 557056K
  class space    used 12051K, committed 13120K, reserved 425984K
}
Event: 58.538 GC heap after
{Heap after GC invocations=64 (full 0):
 garbage-first heap   total reserved 2097152K, committed 372736K, used 130526K [0x0000000080000000, 0x0000000100000000)
  region size 1024K, 12 young (12288K), 12 survivors (12288K)
 Metaspace       used 86793K, committed 89024K, reserved 557056K
  class space    used 12051K, committed 13120K, reserved 425984K
}
Event: 58.732 GC heap before
{Heap before GC invocations=64 (full 0):
 garbage-first heap   total reserved 2097152K, committed 372736K, used 339422K [0x0000000080000000, 0x0000000100000000)
  region size 1024K, 217 young (222208K), 12 survivors (12288K)
 Metaspace       used 86831K, committed 89088K, reserved 557056K
  class space    used 12051K, committed 13120K, reserved 425984K
}
Event: 58.738 GC heap after
{Heap after GC invocations=65 (full 0):
 garbage-first heap   total reserved 2097152K, committed 372736K, used 131550K [0x0000000080000000, 0x0000000100000000)
  region size 1024K, 13 young (13312K), 13 survivors (13312K)
 Metaspace       used 86831K, committed 89088K, reserved 557056K
  class space    used 12051K, committed 13120K, reserved 425984K
}
Event: 58.976 GC heap before
{Heap before GC invocations=66 (full 0):
 garbage-first heap   total reserved 2097152K, committed 372736K, used 339422K [0x0000000080000000, 0x0000000100000000)
  region size 1024K, 216 young (221184K), 13 survivors (13312K)
 Metaspace       used 86843K, committed 89088K, reserved 557056K
  class space    used 12051K, committed 13120K, reserved 425984K
}
Event: 58.985 GC heap after
{Heap after GC invocations=67 (full 0):
 garbage-first heap   total reserved 2097152K, committed 372736K, used 135264K [0x0000000080000000, 0x0000000100000000)
  region size 1024K, 14 young (14336K), 14 survivors (14336K)
 Metaspace       used 86843K, committed 89088K, reserved 557056K
  class space    used 12051K, committed 13120K, reserved 425984K
}
Event: 59.142 GC heap before
{Heap before GC invocations=67 (full 0):
 garbage-first heap   total reserved 2097152K, committed 372736K, used 336992K [0x0000000080000000, 0x0000000100000000)
  region size 1024K, 212 young (217088K), 14 survivors (14336K)
 Metaspace       used 86847K, committed 89088K, reserved 557056K
  class space    used 12051K, committed 13120K, reserved 425984K
}
Event: 59.149 GC heap after
{Heap after GC invocations=68 (full 0):
 garbage-first heap   total reserved 2097152K, committed 442368K, used 135365K [0x0000000080000000, 0x0000000100000000)
  region size 1024K, 17 young (17408K), 17 survivors (17408K)
 Metaspace       used 86847K, committed 89088K, reserved 557056K
  class space    used 12051K, committed 13120K, reserved 425984K
}
Event: 59.324 GC heap before
{Heap before GC invocations=68 (full 0):
 garbage-first heap   total reserved 2097152K, committed 442368K, used 386245K [0x0000000080000000, 0x0000000100000000)
  region size 1024K, 259 young (265216K), 17 survivors (17408K)
 Metaspace       used 86902K, committed 89088K, reserved 557056K
  class space    used 12051K, committed 13120K, reserved 425984K
}
Event: 59.331 GC heap after
{Heap after GC invocations=69 (full 0):
 garbage-first heap   total reserved 2097152K, committed 442368K, used 136519K [0x0000000080000000, 0x0000000100000000)
  region size 1024K, 18 young (18432K), 18 survivors (18432K)
 Metaspace       used 86902K, committed 89088K, reserved 557056K
  class space    used 12051K, committed 13120K, reserved 425984K
}
Event: 59.531 GC heap before
{Heap before GC invocations=69 (full 0):
 garbage-first heap   total reserved 2097152K, committed 442368K, used 382279K [0x0000000080000000, 0x0000000100000000)
  region size 1024K, 259 young (265216K), 18 survivors (18432K)
 Metaspace       used 86923K, committed 89152K, reserved 557056K
  class space    used 12051K, committed 13120K, reserved 425984K
}
Event: 59.541 GC heap after
{Heap after GC invocations=70 (full 0):
 garbage-first heap   total reserved 2097152K, committed 442368K, used 138629K [0x0000000080000000, 0x0000000100000000)
  region size 1024K, 19 young (19456K), 19 survivors (19456K)
 Metaspace       used 86923K, committed 89152K, reserved 557056K
  class space    used 12051K, committed 13120K, reserved 425984K
}
Event: 59.606 GC heap before
{Heap before GC invocations=70 (full 0):
 garbage-first heap   total reserved 2097152K, committed 442368K, used 267653K [0x0000000080000000, 0x0000000100000000)
  region size 1024K, 147 young (150528K), 19 survivors (19456K)
 Metaspace       used 86924K, committed 89152K, reserved 557056K
  class space    used 12051K, committed 13120K, reserved 425984K
}
Event: 59.614 GC heap after
{Heap after GC invocations=71 (full 0):
 garbage-first heap   total reserved 2097152K, committed 442368K, used 142398K [0x0000000080000000, 0x0000000100000000)
  region size 1024K, 17 young (17408K), 17 survivors (17408K)
 Metaspace       used 86924K, committed 89152K, reserved 557056K
  class space    used 12051K, committed 13120K, reserved 425984K
}
Event: 59.780 GC heap before
{Heap before GC invocations=72 (full 0):
 garbage-first heap   total reserved 2097152K, committed 442368K, used 391230K [0x0000000080000000, 0x0000000100000000)
  region size 1024K, 259 young (265216K), 17 survivors (17408K)
 Metaspace       used 86933K, committed 89152K, reserved 557056K
  class space    used 12051K, committed 13120K, reserved 425984K
}
Event: 59.786 GC heap after
{Heap after GC invocations=73 (full 0):
 garbage-first heap   total reserved 2097152K, committed 442368K, used 141673K [0x0000000080000000, 0x0000000100000000)
  region size 1024K, 17 young (17408K), 17 survivors (17408K)
 Metaspace       used 86933K, committed 89152K, reserved 557056K
  class space    used 12051K, committed 13120K, reserved 425984K
}
Event: 59.973 GC heap before
{Heap before GC invocations=73 (full 0):
 garbage-first heap   total reserved 2097152K, committed 442368K, used 388457K [0x0000000080000000, 0x0000000100000000)
  region size 1024K, 259 young (265216K), 17 survivors (17408K)
 Metaspace       used 86935K, committed 89152K, reserved 557056K
  class space    used 12051K, committed 13120K, reserved 425984K
}

Dll operation events (15 events):
Event: 0.009 Loaded shared library C:\Program Files\Java\jdk-22\bin\java.dll
Event: 0.035 Loaded shared library C:\Program Files\Java\jdk-22\bin\jsvml.dll
Event: 0.074 Loaded shared library C:\Program Files\Java\jdk-22\bin\zip.dll
Event: 0.078 Loaded shared library C:\Program Files\Java\jdk-22\bin\instrument.dll
Event: 0.082 Loaded shared library C:\Program Files\Java\jdk-22\bin\net.dll
Event: 0.084 Loaded shared library C:\Program Files\Java\jdk-22\bin\nio.dll
Event: 0.087 Loaded shared library C:\Program Files\Java\jdk-22\bin\zip.dll
Event: 0.257 Loaded shared library C:\Program Files\Java\jdk-22\bin\jimage.dll
Event: 0.486 Loaded shared library C:\Program Files\Java\jdk-22\bin\verify.dll
Event: 0.522 Loaded shared library E:\gradle-cache\native\1def1411415f61bf3af743bc5b6707747c0891f09f0c88961ee8f79bc544acac\windows-amd64\native-platform.dll
Event: 0.531 Loaded shared library E:\gradle-cache\native\0.2.8\x86_64-windows-gnu\gradle-fileevents.dll
Event: 1.241 Loaded shared library C:\Program Files\Java\jdk-22\bin\management.dll
Event: 1.243 Loaded shared library C:\Program Files\Java\jdk-22\bin\management_ext.dll
Event: 1.396 Loaded shared library C:\Program Files\Java\jdk-22\bin\extnet.dll
Event: 1.623 Loaded shared library C:\Program Files\Java\jdk-22\bin\sunmscapi.dll

Deoptimization events (20 events):
Event: 59.955 Thread 0x0000021ea25f4d30 DEOPT PACKING pc=0x0000021eed2306f6 sp=0x000000aed8bf3bb0
Event: 59.955 Thread 0x0000021ea25f4d30 DEOPT UNPACKING pc=0x0000021ef3ec4e42 sp=0x000000aed8bf32c0 mode 0
Event: 59.956 Thread 0x0000021ea6ade000 DEOPT PACKING pc=0x0000021eed2306f6 sp=0x000000aede1fa3f0
Event: 59.956 Thread 0x0000021ea6ade000 DEOPT UNPACKING pc=0x0000021ef3ec4e42 sp=0x000000aede1f9b00 mode 0
Event: 59.959 Thread 0x0000021ea25f4d30 DEOPT PACKING pc=0x0000021eed23107e sp=0x000000aed8bf3bb0
Event: 59.959 Thread 0x0000021ea25f4d30 DEOPT UNPACKING pc=0x0000021ef3ec4e42 sp=0x000000aed8bf32c0 mode 0
Event: 59.960 Thread 0x0000021e9d646b60 DEOPT PACKING pc=0x0000021eed2306f6 sp=0x000000aedd1fa2f0
Event: 59.960 Thread 0x0000021e9d646b60 DEOPT UNPACKING pc=0x0000021ef3ec4e42 sp=0x000000aedd1f9a00 mode 0
Event: 59.963 Thread 0x0000021ea6add2e0 DEOPT PACKING pc=0x0000021eed2306f6 sp=0x000000aede3fa2b0
Event: 59.963 Thread 0x0000021ea6add2e0 DEOPT UNPACKING pc=0x0000021ef3ec4e42 sp=0x000000aede3f99c0 mode 0
Event: 59.966 Thread 0x0000021e9d6485a0 DEOPT PACKING pc=0x0000021eed2306f6 sp=0x000000aedd0fa530
Event: 59.966 Thread 0x0000021e9d6485a0 DEOPT UNPACKING pc=0x0000021ef3ec4e42 sp=0x000000aedd0f9c40 mode 0
Event: 59.969 Thread 0x0000021ea6ad7070 DEOPT PACKING pc=0x0000021eed2306f6 sp=0x000000aeddafa5b0
Event: 59.969 Thread 0x0000021ea6ad7070 DEOPT UNPACKING pc=0x0000021ef3ec4e42 sp=0x000000aeddaf9cc0 mode 0
Event: 59.970 Thread 0x0000021ea25f4d30 DEOPT PACKING pc=0x0000021eed23107e sp=0x000000aed8bf3bb0
Event: 59.970 Thread 0x0000021ea25f4d30 DEOPT UNPACKING pc=0x0000021ef3ec4e42 sp=0x000000aed8bf32c0 mode 0
Event: 59.972 Thread 0x0000021ea6ad7070 DEOPT PACKING pc=0x0000021eed230931 sp=0x000000aeddafa5b0
Event: 59.972 Thread 0x0000021ea6ad7070 DEOPT UNPACKING pc=0x0000021ef3ec4e42 sp=0x000000aeddaf9cc0 mode 0
Event: 59.973 Thread 0x0000021ea25f4d30 DEOPT PACKING pc=0x0000021eed2306f6 sp=0x000000aed8bf3bb0
Event: 59.973 Thread 0x0000021ea25f4d30 DEOPT UNPACKING pc=0x0000021ef3ec4e42 sp=0x000000aed8bf32c0 mode 0

Classes loaded (20 events):
Event: 16.720 Loading class java/util/regex/Pattern$Pos
Event: 16.720 Loading class java/util/regex/Pattern$Pos done
Event: 17.876 Loading class java/util/concurrent/locks/ReentrantReadWriteLock$Sync$HoldCounter
Event: 17.876 Loading class java/util/concurrent/locks/ReentrantReadWriteLock$Sync$HoldCounter done
Event: 22.991 Loading class com/sun/org/apache/xerces/internal/util/EncodingMap
Event: 22.992 Loading class com/sun/org/apache/xerces/internal/util/EncodingMap done
Event: 22.992 Loading class sun/nio/cs/ISO_8859_1$Decoder
Event: 22.993 Loading class sun/nio/cs/ISO_8859_1$Decoder done
Event: 52.453 Loading class java/util/zip/ZipInputStream
Event: 52.453 Loading class java/util/zip/ZipInputStream done
Event: 56.991 Loading class java/util/TreeMap$EntrySpliterator
Event: 56.992 Loading class java/util/TreeMap$EntrySpliterator done
Event: 57.140 Loading class java/lang/ProcessBuilder
Event: 57.140 Loading class java/lang/ProcessBuilder done
Event: 57.223 Loading class java/util/Collections$UnmodifiableSortedMap
Event: 57.223 Loading class java/util/Collections$UnmodifiableSortedMap done
Event: 57.226 Loading class java/util/zip/Deflater
Event: 57.226 Loading class java/util/zip/Deflater done
Event: 57.227 Loading class java/util/zip/Deflater$DeflaterZStreamRef
Event: 57.227 Loading class java/util/zip/Deflater$DeflaterZStreamRef done

Classes unloaded (2 events):
Event: 7.921 Thread 0x0000021effafc510 Unloading class 0x0000021e8378c000 'java/lang/invoke/LambdaForm$DMH+0x0000021e8378c000'
Event: 54.947 Thread 0x0000021effafc510 Unloading class 0x0000021e83c11000 'java/lang/invoke/LambdaForm$DMH+0x0000021e83c11000'

Classes redefined (0 events):
No events

Internal exceptions (20 events):
Event: 58.881 Thread 0x0000021ea6adc5c0 Exception <a 'sun/nio/fs/WindowsException'{0x0000000090ca3960}> (0x0000000090ca3960) 
thrown [s\open\src\hotspot\share\prims\jni.cpp, line 520]
Event: 58.914 Thread 0x0000021ea6ad9e60 Exception <a 'sun/nio/fs/WindowsException'{0x000000008ee9eb00}> (0x000000008ee9eb00) 
thrown [s\open\src\hotspot\share\prims\jni.cpp, line 520]
Event: 58.922 Thread 0x0000021ea6add2e0 Exception <a 'sun/nio/fs/WindowsException'{0x000000008e1137a0}> (0x000000008e1137a0) 
thrown [s\open\src\hotspot\share\prims\jni.cpp, line 520]
Event: 58.945 Thread 0x0000021ea25f4d30 Exception <a 'sun/nio/fs/WindowsException'{0x000000008c698df0}> (0x000000008c698df0) 
thrown [s\open\src\hotspot\share\prims\jni.cpp, line 520]
Event: 58.997 Thread 0x0000021e9d6485a0 Exception <a 'sun/nio/fs/WindowsException'{0x00000000ff50eeb0}> (0x00000000ff50eeb0) 
thrown [s\open\src\hotspot\share\prims\jni.cpp, line 520]
Event: 59.035 Thread 0x0000021ea6adc5c0 Exception <a 'sun/nio/fs/WindowsException'{0x000000009303d9f0}> (0x000000009303d9f0) 
thrown [s\open\src\hotspot\share\prims\jni.cpp, line 520]
Event: 59.066 Thread 0x0000021ea6add2e0 Exception <a 'sun/nio/fs/WindowsException'{0x0000000090b2fb88}> (0x0000000090b2fb88) 
thrown [s\open\src\hotspot\share\prims\jni.cpp, line 520]
Event: 59.292 Thread 0x0000021ea6ad9e60 Exception <a 'sun/nio/fs/WindowsException'{0x000000008ef17e78}> (0x000000008ef17e78) 
thrown [s\open\src\hotspot\share\prims\jni.cpp, line 520]
Event: 59.295 Thread 0x0000021ea6add2e0 Exception <a 'sun/nio/fs/WindowsException'{0x000000008ed30c50}> (0x000000008ed30c50) 
thrown [s\open\src\hotspot\share\prims\jni.cpp, line 520]
Event: 59.317 Thread 0x0000021ea6ad8420 Exception <a 'sun/nio/fs/WindowsException'{0x000000008d054748}> (0x000000008d054748) 
thrown [s\open\src\hotspot\share\prims\jni.cpp, line 520]
Event: 59.424 Thread 0x0000021ea6ad9e60 Exception <a 'sun/nio/fs/WindowsException'{0x0000000092fe4510}> (0x0000000092fe4510) 
thrown [s\open\src\hotspot\share\prims\jni.cpp, line 520]
Event: 59.438 Thread 0x0000021ea6add2e0 Exception <a 'sun/nio/fs/WindowsException'{0x00000000922f8808}> (0x00000000922f8808) 
thrown [s\open\src\hotspot\share\prims\jni.cpp, line 520]
Event: 59.462 Thread 0x0000021ea25f4d30 Exception <a 'sun/nio/fs/WindowsException'{0x00000000960583a8}> (0x00000000960583a8) 
thrown [s\open\src\hotspot\share\prims\jni.cpp, line 520]
Event: 59.515 Thread 0x0000021ea6ad9e60 Exception <a 'sun/nio/fs/WindowsException'{0x000000008cc727c0}> (0x000000008cc727c0) 
thrown [s\open\src\hotspot\share\prims\jni.cpp, line 520]
Event: 59.549 Thread 0x0000021ea6add2e0 Exception <a 'sun/nio/fs/WindowsException'{0x00000000ff60b388}> (0x00000000ff60b388) 
thrown [s\open\src\hotspot\share\prims\jni.cpp, line 520]
Event: 59.593 Thread 0x0000021ea6adc5c0 Exception <a 'sun/nio/fs/WindowsException'{0x0000000094cbabe0}> (0x0000000094cbabe0) 
thrown [s\open\src\hotspot\share\prims\jni.cpp, line 520]
Event: 59.606 Thread 0x0000021ea25f4d30 Exception <a 'sun/nio/fs/WindowsException'{0x0000000092d3bd30}> (0x0000000092d3bd30) 
thrown [s\open\src\hotspot\share\prims\jni.cpp, line 520]
Event: 59.896 Thread 0x0000021ea6add2e0 Exception <a 'sun/nio/fs/WindowsException'{0x0000000094ac0658}> (0x0000000094ac0658) 
thrown [s\open\src\hotspot\share\prims\jni.cpp, line 520]
Event: 59.899 Thread 0x0000021ea6adc5c0 Exception <a 'sun/nio/fs/WindowsException'{0x0000000091eb5eb0}> (0x0000000091eb5eb0) 
thrown [s\open\src\hotspot\share\prims\jni.cpp, line 520]
Event: 59.915 Thread 0x0000021ea6ad9e60 Exception <a 'sun/nio/fs/WindowsException'{0x000000008fc55328}> (0x000000008fc55328) 
thrown [s\open\src\hotspot\share\prims\jni.cpp, line 520]

ZGC Phase Switch (0 events):
No events

VM Operations (20 events):
Event: 58.829 Executing VM operation: G1PauseRemark done
Event: 58.859 Executing VM operation: G1PauseCleanup
Event: 58.859 Executing VM operation: G1PauseCleanup done
Event: 58.976 Executing VM operation: G1CollectForAllocation (G1 Evacuation Pause)
Event: 58.985 Executing VM operation: G1CollectForAllocation (G1 Evacuation Pause) done
Event: 59.142 Executing VM operation: G1CollectForAllocation (G1 Evacuation Pause)
Event: 59.149 Executing VM operation: G1CollectForAllocation (G1 Evacuation Pause) done
Event: 59.324 Executing VM operation: G1CollectForAllocation (G1 Evacuation Pause)
Event: 59.331 Executing VM operation: G1CollectForAllocation (G1 Evacuation Pause) done
Event: 59.531 Executing VM operation: G1CollectForAllocation (G1 Evacuation Pause)
Event: 59.542 Executing VM operation: G1CollectForAllocation (G1 Evacuation Pause) done
Event: 59.606 Executing VM operation: G1TryInitiateConcMark (G1 Humongous Allocation)
Event: 59.614 Executing VM operation: G1TryInitiateConcMark (G1 Humongous Allocation) done
Event: 59.697 Executing VM operation: G1PauseRemark
Event: 59.706 Executing VM operation: G1PauseRemark done
Event: 59.739 Executing VM operation: G1PauseCleanup
Event: 59.740 Executing VM operation: G1PauseCleanup done
Event: 59.780 Executing VM operation: G1CollectForAllocation (G1 Evacuation Pause)
Event: 59.786 Executing VM operation: G1CollectForAllocation (G1 Evacuation Pause) done
Event: 59.973 Executing VM operation: G1CollectForAllocation (G1 Evacuation Pause)

Memory protections (0 events):
No events

Nmethod flushes (20 events):
Event: 59.705 Thread 0x0000021effafc510 flushing  nmethod 0x0000021eece68690
Event: 59.705 Thread 0x0000021effafc510 flushing  nmethod 0x0000021eed1c4e10
Event: 59.705 Thread 0x0000021effafc510 flushing  nmethod 0x0000021eed222c10
Event: 59.705 Thread 0x0000021effafc510 flushing  nmethod 0x0000021eed2f7310
Event: 59.705 Thread 0x0000021effafc510 flushing  nmethod 0x0000021eed2fcc90
Event: 59.705 Thread 0x0000021effafc510 flushing  nmethod 0x0000021eed2fd010
Event: 59.705 Thread 0x0000021effafc510 flushing  nmethod 0x0000021eed2ffe90
Event: 59.705 Thread 0x0000021effafc510 flushing  nmethod 0x0000021eed307510
Event: 59.705 Thread 0x0000021effafc510 flushing  nmethod 0x0000021eed30c910
Event: 59.705 Thread 0x0000021effafc510 flushing  nmethod 0x0000021eed9db910
Event: 59.705 Thread 0x0000021effafc510 flushing  nmethod 0x0000021eec4b1590
Event: 59.705 Thread 0x0000021effafc510 flushing  nmethod 0x0000021eec5c1410
Event: 59.705 Thread 0x0000021effafc510 flushing  nmethod 0x0000021eec6baa90
Event: 59.705 Thread 0x0000021effafc510 flushing  nmethod 0x0000021eec9fcc10
Event: 59.705 Thread 0x0000021effafc510 flushing  nmethod 0x0000021eec9ff090
Event: 59.705 Thread 0x0000021effafc510 flushing  nmethod 0x0000021eecab7690
Event: 59.705 Thread 0x0000021effafc510 flushing  nmethod 0x0000021eecdae890
Event: 59.705 Thread 0x0000021effafc510 flushing  nmethod 0x0000021eed1a8990
Event: 59.705 Thread 0x0000021effafc510 flushing  nmethod 0x0000021eed931b90
Event: 59.705 Thread 0x0000021effafc510 flushing  nmethod 0x0000021eed968990

Events (20 events):
Event: 23.478 Thread 0x0000021ea25f4d30 Thread added: 0x0000021ea8fe75c0
Event: 23.479 Thread 0x0000021ea25f4d30 Thread added: 0x0000021ea8fe6210
Event: 23.479 Thread 0x0000021ea25f4d30 Thread added: 0x0000021ea8fe6f30
Event: 23.479 Thread 0x0000021ea25f4d30 Thread added: 0x0000021ea8fe7c50
Event: 24.483 Thread 0x0000021ea25f4d30 Thread added: 0x0000021ea8fe5b80
Event: 24.484 Thread 0x0000021ea25f4d30 Thread added: 0x0000021ea8fe82e0
Event: 29.609 Thread 0x0000021effb5d420 Thread added: 0x0000021ea64c4b80
Event: 29.790 Thread 0x0000021ea64c4b80 Thread added: 0x0000021ea64c5250
Event: 30.372 Thread 0x0000021ea64c5250 Thread exited: 0x0000021ea64c5250
Event: 31.069 Thread 0x0000021ea64c4b80 Thread exited: 0x0000021ea64c4b80
Event: 52.541 Thread 0x0000021e9d08ebc0 Thread added: 0x0000021ea64c4b80
Event: 52.543 Thread 0x0000021e9d08ebc0 Thread added: 0x0000021ea64c5250
Event: 53.676 Thread 0x0000021ea64c5250 Thread exited: 0x0000021ea64c5250
Event: 53.676 Thread 0x0000021ea64c4b80 Thread exited: 0x0000021ea64c4b80
Event: 55.110 Thread 0x0000021effb5d420 Thread added: 0x0000021ea64c66c0
Event: 55.112 Thread 0x0000021ea64c66c0 Thread added: 0x0000021ea64c3710
Event: 55.411 Thread 0x0000021ea64c3710 Thread exited: 0x0000021ea64c3710
Event: 55.587 Thread 0x0000021ea64c66c0 Thread exited: 0x0000021ea64c66c0
Event: 56.976 Thread 0x0000021e9d08ebc0 Thread added: 0x0000021ea64c44b0
Event: 57.001 Thread 0x0000021e9d08ebc0 Thread added: 0x0000021ea64c66c0


Dynamic libraries:
0x00007ff670290000 - 0x00007ff6702a0000 	C:\Program Files\Java\jdk-22\bin\java.exe
0x00007ffffa820000 - 0x00007ffffaa86000 	C:\WINDOWS\SYSTEM32\ntdll.dll
0x00007ffff8fe0000 - 0x00007ffff90a9000 	C:\WINDOWS\System32\KERNEL32.DLL
0x00007ffff7a40000 - 0x00007ffff7e40000 	C:\WINDOWS\System32\KERNELBASE.dll
0x00007ffff80d0000 - 0x00007ffff821c000 	C:\WINDOWS\System32\ucrtbase.dll
0x00007fffcc7b0000 - 0x00007fffcc7c7000 	C:\Program Files\Java\jdk-22\bin\jli.dll
0x00007fffdde90000 - 0x00007fffddeab000 	C:\Program Files\Java\jdk-22\bin\VCRUNTIME140.dll
0x00007ffff8b20000 - 0x00007ffff8ce7000 	C:\WINDOWS\System32\USER32.dll
0x00007fffd95a0000 - 0x00007fffd9832000 	C:\WINDOWS\WinSxS\amd64_microsoft.windows.common-controls_6595b64144ccf1df_6.0.26100.8737_none_3e092eaee333b772\COMCTL32.dll
0x00007ffff89b0000 - 0x00007ffff8a59000 	C:\WINDOWS\System32\msvcrt.dll
0x00007ffff8230000 - 0x00007ffff8257000 	C:\WINDOWS\System32\win32u.dll
0x00007ffff8cf0000 - 0x00007ffff8d1b000 	C:\WINDOWS\System32\GDI32.dll
0x00007ffff7fa0000 - 0x00007ffff80c9000 	C:\WINDOWS\System32\gdi32full.dll
0x00007ffff84a0000 - 0x00007ffff8543000 	C:\WINDOWS\System32\msvcp_win.dll
0x00007ffff9510000 - 0x00007ffff9542000 	C:\WINDOWS\System32\IMM32.DLL
0x00007fffdd0e0000 - 0x00007fffdd0ec000 	C:\Program Files\Java\jdk-22\bin\vcruntime140_1.dll
0x00007fffbcaa0000 - 0x00007fffbcb2e000 	C:\Program Files\Java\jdk-22\bin\msvcp140.dll
0x00007fff55b60000 - 0x00007fff568a9000 	C:\Program Files\Java\jdk-22\bin\server\jvm.dll
0x00007ffff9440000 - 0x00007ffff94f7000 	C:\WINDOWS\System32\ADVAPI32.dll
0x00007ffff8a60000 - 0x00007ffff8b0a000 	C:\WINDOWS\System32\sechost.dll
0x00007ffff9820000 - 0x00007ffff9938000 	C:\WINDOWS\System32\RPCRT4.dll
0x00007ffff88a0000 - 0x00007ffff8920000 	C:\WINDOWS\System32\WS2_32.dll
0x00007ffff78c0000 - 0x00007ffff791e000 	C:\WINDOWS\SYSTEM32\POWRPROF.dll
0x00007fffefeb0000 - 0x00007fffefee6000 	C:\WINDOWS\SYSTEM32\WINMM.dll
0x00007ffff04c0000 - 0x00007ffff04cb000 	C:\WINDOWS\SYSTEM32\VERSION.dll
0x00007ffff78a0000 - 0x00007ffff78b4000 	C:\WINDOWS\SYSTEM32\UMPDC.dll
0x00007ffff6720000 - 0x00007ffff673b000 	C:\WINDOWS\SYSTEM32\kernel.appcore.dll
0x00007fffdd0d0000 - 0x00007fffdd0da000 	C:\Program Files\Java\jdk-22\bin\jimage.dll
0x00007fffe93b0000 - 0x00007fffe95f2000 	C:\WINDOWS\SYSTEM32\DBGHELP.DLL
0x00007ffff90b0000 - 0x00007ffff9433000 	C:\WINDOWS\System32\combase.dll
0x00007ffff9740000 - 0x00007ffff9819000 	C:\WINDOWS\System32\OLEAUT32.dll
0x00007fffcc720000 - 0x00007fffcc75b000 	C:\WINDOWS\SYSTEM32\dbgcore.DLL
0x00007ffff7e50000 - 0x00007ffff7efc000 	C:\WINDOWS\System32\bcryptPrimitives.dll
0x00007fffed750000 - 0x00007fffed75f000 	C:\Program Files\Java\jdk-22\bin\instrument.dll
0x00007fffdb1c0000 - 0x00007fffdb1de000 	C:\Program Files\Java\jdk-22\bin\java.dll
0x00007ffff9940000 - 0x00007ffffa0d2000 	C:\WINDOWS\System32\SHELL32.dll
0x00007ffff8700000 - 0x00007ffff8899000 	C:\WINDOWS\System32\ole32.dll
0x00007ffff54b0000 - 0x00007ffff5d42000 	C:\WINDOWS\SYSTEM32\windows.storage.dll
0x00007ffff85e0000 - 0x00007ffff86d7000 	C:\WINDOWS\System32\SHCORE.dll
0x00007ffff8d20000 - 0x00007ffff8d87000 	C:\WINDOWS\System32\shlwapi.dll
0x00007ffff7960000 - 0x00007ffff7989000 	C:\WINDOWS\SYSTEM32\profapi.dll
0x00007fff82fb0000 - 0x00007fff83087000 	C:\Program Files\Java\jdk-22\bin\jsvml.dll
0x00007fffd7220000 - 0x00007fffd7237000 	C:\Program Files\Java\jdk-22\bin\zip.dll
0x00007fffdca20000 - 0x00007fffdca30000 	C:\Program Files\Java\jdk-22\bin\net.dll
0x00007ffff6cd0000 - 0x00007ffff6d3c000 	C:\WINDOWS\system32\mswsock.dll
0x00007fffd7460000 - 0x00007fffd7476000 	C:\Program Files\Java\jdk-22\bin\nio.dll
0x00007fffdc3a0000 - 0x00007fffdc3b0000 	C:\Program Files\Java\jdk-22\bin\verify.dll
0x00007fffecbb0000 - 0x00007fffecbd7000 	E:\gradle-cache\native\1def1411415f61bf3af743bc5b6707747c0891f09f0c88961ee8f79bc544acac\windows-amd64\native-platform.dll
0x00007fff92800000 - 0x00007fff92877000 	E:\gradle-cache\native\0.2.8\x86_64-windows-gnu\gradle-fileevents.dll
0x00007fffd18a0000 - 0x00007fffd18aa000 	C:\Program Files\Java\jdk-22\bin\management.dll
0x00007fffccc30000 - 0x00007fffccc3b000 	C:\Program Files\Java\jdk-22\bin\management_ext.dll
0x00007ffff8b10000 - 0x00007ffff8b18000 	C:\WINDOWS\System32\PSAPI.DLL
0x00007ffff6100000 - 0x00007ffff6133000 	C:\WINDOWS\SYSTEM32\IPHLPAPI.DLL
0x00007ffff9730000 - 0x00007ffff973a000 	C:\WINDOWS\System32\NSI.dll
0x00007fffdc130000 - 0x00007fffdc139000 	C:\Program Files\Java\jdk-22\bin\extnet.dll
0x00007ffff6fd0000 - 0x00007ffff6feb000 	C:\WINDOWS\SYSTEM32\CRYPTSP.dll
0x00007ffff6680000 - 0x00007ffff66b9000 	C:\WINDOWS\system32\rsaenh.dll
0x00007ffff6d90000 - 0x00007ffff6dc2000 	C:\WINDOWS\SYSTEM32\USERENV.dll
0x00007ffff7930000 - 0x00007ffff795a000 	C:\WINDOWS\SYSTEM32\bcrypt.dll
0x00007ffff6ff0000 - 0x00007ffff6ffc000 	C:\WINDOWS\SYSTEM32\CRYPTBASE.dll
0x00007fffdd0f0000 - 0x00007fffdd0fe000 	C:\Program Files\Java\jdk-22\bin\sunmscapi.dll
0x00007ffff8260000 - 0x00007ffff83d8000 	C:\WINDOWS\System32\CRYPT32.dll
0x00007ffff7210000 - 0x00007ffff7240000 	C:\WINDOWS\SYSTEM32\ncrypt.dll
0x00007ffff71c0000 - 0x00007ffff71ff000 	C:\WINDOWS\SYSTEM32\NTASN1.dll
0x00007fff93750000 - 0x00007fff93758000 	C:\WINDOWS\system32\wshunix.dll
0x00007ffff61a0000 - 0x00007ffff62f5000 	C:\WINDOWS\SYSTEM32\DNSAPI.dll
0x00007ffff6ab0000 - 0x00007ffff6abd000 	C:\WINDOWS\SYSTEM32\DSPARSE.dll
0x00007fffecc20000 - 0x00007fffecc2b000 	C:\Windows\System32\rasadhlp.dll
0x00007ffff0e40000 - 0x00007ffff0ec6000 	C:\WINDOWS\System32\fwpuclnt.dll

dbghelp: loaded successfully - version: 4.0.5 - missing functions: none
symbol engine: initialized successfully - sym options: 0x614 - pdb path: .;C:\Program Files\Java\jdk-22\bin;C:\WINDOWS\SYSTEM32;C:\WINDOWS\WinSxS\amd64_microsoft.windows.common-controls_6595b64144ccf1df_6.0.26100.8737_none_3e092eaee333b772;C:\Program Files\Java\jdk-22\bin\server;E:\gradle-cache\native\1def1411415f61bf3af743bc5b6707747c0891f09f0c88961ee8f79bc544acac\windows-amd64;E:\gradle-cache\native\0.2.8\x86_64-windows-gnu

VM Arguments:
jvm_args: --add-opens=java.base/java.lang=ALL-UNNAMED --add-opens=java.base/java.lang.invoke=ALL-UNNAMED --add-opens=java.base/java.util=ALL-UNNAMED --add-opens=java.prefs/java.util.prefs=ALL-UNNAMED --add-exports=jdk.compiler/com.sun.tools.javac.api=ALL-UNNAMED --add-exports=jdk.compiler/com.sun.tools.javac.util=ALL-UNNAMED --add-opens=java.base/java.util=ALL-UNNAMED --add-opens=java.prefs/java.util.prefs=ALL-UNNAMED --add-opens=java.base/java.nio.charset=ALL-UNNAMED --add-opens=java.base/java.net=ALL-UNNAMED --add-opens=java.base/java.util.concurrent=ALL-UNNAMED --add-opens=java.base/java.util.concurrent.atomic=ALL-UNNAMED --add-opens=java.xml/javax.xml.namespace=ALL-UNNAMED --add-opens=java.base/java.time=ALL-UNNAMED -XX:MaxMetaspaceSize=512m -XX:ReservedCodeCacheSize=256m -XX:+HeapDumpOnOutOfMemoryError -Xmx2G -Dfile.encoding=UTF-8 -Duser.country=IN -Duser.language=en -Duser.variant -javaagent:E:\gradle-cache\wrapper\dists\gradle-9.1.0-all\7wzd0jkjit61aq2p43wpjgij9\gradle-9.1.0\lib\agents\gradle-instrumentation-agent-9.1.0.jar 
java_command: org.gradle.launcher.daemon.bootstrap.GradleDaemon 9.1.0
java_class_path (initial): E:\gradle-cache\wrapper\dists\gradle-9.1.0-all\7wzd0jkjit61aq2p43wpjgij9\gradle-9.1.0\lib\gradle-daemon-main-9.1.0.jar
Launcher Type: SUN_STANDARD

[Global flags]
     intx CICompilerCount                          = 4                                         {product} {ergonomic}
   size_t CompressedClassSpaceSize                 = 436207616                                 {product} {ergonomic}
     uint ConcGCThreads                            = 3                                         {product} {ergonomic}
     uint G1ConcRefinementThreads                  = 10                                        {product} {ergonomic}
   size_t G1HeapRegionSize                         = 1048576                                   {product} {ergonomic}
     bool HeapDumpOnOutOfMemoryError               = true                                   {manageable} {command line}
   size_t InitialHeapSize                          = 257949696                                 {product} {ergonomic}
   size_t MarkStackSize                            = 4194304                                   {product} {ergonomic}
   size_t MaxHeapSize                              = 2147483648                                {product} {command line}
   size_t MaxMetaspaceSize                         = 536870912                                 {product} {command line}
   size_t MaxNewSize                               = 1287651328                                {product} {ergonomic}
   size_t MinHeapDeltaBytes                        = 1048576                                   {product} {ergonomic}
   size_t MinHeapSize                              = 8388608                                   {product} {ergonomic}
    uintx NonNMethodCodeHeapSize                   = 5839372                                {pd product} {ergonomic}
    uintx NonProfiledCodeHeapSize                  = 131298042                              {pd product} {ergonomic}
    uintx ProfiledCodeHeapSize                     = 131298042                              {pd product} {ergonomic}
    uintx ReservedCodeCacheSize                    = 268435456                              {pd product} {command line}
     bool SegmentedCodeCache                       = true                                      {product} {ergonomic}
   size_t SoftMaxHeapSize                          = 2147483648                             {manageable} {ergonomic}
     bool UseCompressedOops                        = true                           {product lp64_product} {ergonomic}
     bool UseG1GC                                  = true                                      {product} {ergonomic}
     bool UseLargePagesIndividualAllocation        = false                                  {pd product} {ergonomic}

Logging:
Log output configuration:
 #0: stdout all=warning uptime,level,tags foldmultilines=false
 #1: stderr all=off uptime,level,tags foldmultilines=false

Environment Variables:
CLASSPATH=C:\project\irctc\bharat-railway-frontend\android\\gradle\wrapper\gradle-wrapper.jar
PATH=C:\Program Files\Common Files\Oracle\Java\javapath;D:\Applications\bin;C:\Program Files\Common Files\Oracle\Java\javapath;C:\windows\system32;C:\windows;C:\windows\System32\Wbem;C:\windows\System32\WindowsPowerShell\v1.0\;C:\windows\System32\OpenSSH\;C:\Program Files (x86)\NVIDIA Corporation\PhysX\Common;C:\MinGW\bin;C:\WINDOWS\system32;C:\WINDOWS;C:\WINDOWS\System32\Wbem;C:\WINDOWS\System32\WindowsPowerShell\v1.0\;C:\WINDOWS\System32\OpenSSH\;C:\Program Files\dotnet\;C:\Program Files\Git\cmd;C:\Program Files\Git\mingw64\bin;C:\Program Files\Git\usr\bin;C:\Program Files\Cloudflare\Cloudflare WARP\;C:\Program Files\nodejs\;C:\Program Files\Tailscale\;C:\Program Files\MongoDB\Server\8.2\bin;;C:\Program Files\Docker\Docker\resources\bin;C:\Users\HP\AppData\Local\Programs\Python\Python313\Scripts\;C:\Users\HP\AppData\Local\Programs\Python\Python313\;C:\Users\HP\AppData\Local\Programs\Python\Launcher\;C:\Users\HP\AppData\Local\Microsoft\WindowsApps;C:\Users\HP\Downloads\mingw-w64-v11.0.0.zip\mingw-w64-v11.0.0;C:\Users\HP\AppData\Local\JetBrains\PyCharm Community Edition 2024.1\bin;;C:\Users\HP\AppData\Local\Programs\Microsoft VS Code\bin;C:\Users\HP\AppData\Roaming\npm;C:\Program Files\mongosh\;D:\Flutter\flutter\bin;E:\platform-tools;;D:\Flutter\flutter\bin\mingit\cmd
USERNAME=HP
OS=Windows_NT
PROCESSOR_IDENTIFIER=AMD64 Family 25 Model 80 Stepping 0, AuthenticAMD
TMP=E:\temp
TEMP=E:\temp




Periodic native trim disabled

---------------  S Y S T E M  ---------------

OS:
 Windows 11 , 64 bit Build 26100 (10.0.26100.8737)
OS uptime: 1 days 12:27 hours
Hyper-V role detected

CPU: total 12 (initial active 12) (12 cores per cpu, 2 threads per core) family 25 model 80 stepping 0 microcode 0xa50000f, cx8, cmov, fxsr, ht, mmx, 3dnowpref, sse, sse2, sse3, ssse3, sse4a, sse4.1, sse4.2, popcnt, lzcnt, tsc, tscinvbit, avx, avx2, aes, erms, clmul, bmi1, bmi2, adx, sha, fma, vzeroupper, clflush, clflushopt, hv, rdtscp, rdpid, fsrm, f16c, cet_ss
Processor Information for processor 0
  Max Mhz: 3301, Current Mhz: 3301, Mhz Limit: 3301
Processor Information for processor 1
  Max Mhz: 3301, Current Mhz: 2011, Mhz Limit: 3301
Processor Information for processor 2
  Max Mhz: 3301, Current Mhz: 3301, Mhz Limit: 3301
Processor Information for processor 3
  Max Mhz: 3301, Current Mhz: 2011, Mhz Limit: 3301
Processor Information for processor 4
  Max Mhz: 3301, Current Mhz: 2011, Mhz Limit: 3301
Processor Information for processor 5
  Max Mhz: 3301, Current Mhz: 3301, Mhz Limit: 3301
Processor Information for processor 6
  Max Mhz: 3301, Current Mhz: 2011, Mhz Limit: 3301
Processor Information for processor 7
  Max Mhz: 3301, Current Mhz: 2011, Mhz Limit: 3301
Processor Information for processor 8
  Max Mhz: 3301, Current Mhz: 3301, Mhz Limit: 3301
Processor Information for processor 9
  Max Mhz: 3301, Current Mhz: 3301, Mhz Limit: 3301
Processor Information for processor 10
  Max Mhz: 3301, Current Mhz: 3301, Mhz Limit: 3301
Processor Information for processor 11
  Max Mhz: 3301, Current Mhz: 2011, Mhz Limit: 3301

Memory: 4k page, system-wide physical 15710M (1081M free)
TotalPageFile size 26265M (AvailPageFile size 147M)
current process WorkingSet (physical memory assigned to process): 757M, peak: 761M
current process commit charge ("private bytes"): 799M, peak: 951M

vm_info: Java HotSpot(TM) 64-Bit Server VM (22.0.2+9-70) for windows-amd64 JRE (22.0.2+9-70), built on 2024-06-04T16:52:23Z by "mach5one" with MS VC++ 17.6 (VS2022)

END.
